============================================================
SQL EDA QUERY OUTPUT DUMP
============================================================

--------------------------------------------------
Count total cities
--------------------------------------------------
  CITY_COUNT
1      26569

--------------------------------------------------
Count unique countries
--------------------------------------------------
  UNIQUE_COUNTRY_COUNT
1                  224

--------------------------------------------------
Count unique ISO2 codes
--------------------------------------------------
  UNIQUE_ISO2_CODES_COUNT
1                     223

--------------------------------------------------
Count unique ISO3 codes
--------------------------------------------------
  UNIQUE_ISO3_CODES_COUNT
1                     224

--------------------------------------------------
Count missing population values
--------------------------------------------------
  MISSING_POPULATION_VALUES_COUNT
1                             973

--------------------------------------------------
Count cities with population = 0
--------------------------------------------------
  ZERO_POPULATION_CITIES_COUNT
1                            5

--------------------------------------------------
Check for duplicate CITY + COUNTRY combinations
--------------------------------------------------
                     CITY        COUNTRY DUPLICATE_COMBINATIONS_COUNT
1                 Abasolo         Mexico                            2
2               Abbeville  United States                            2
3                Aberdeen  United States                            5
4                 Abilene  United States                            2
5                Abington  United States                            2
6                   Acton  United States                            2
7                 Actopan         Mexico                            2
8                     Ada  United States                            2
9                   Adams  United States                            2
10         Adams Township  United States                            2
11                Addison  United States                            2
12                  Alamo  United States                            2
13                 Albany  United States                            4
14            Albertville  United States                            2
15                 Albion  United States                            2
16                 Aldama         Mexico                            2
17             Alexandria  United States                            4
18     Allegheny Township  United States                            2
19              Allendale  United States                            2
20               Alliance  United States                            2
21                   Alma  United States                            2
22                 Alpine  United States                            3
23                  Alton  United States                            3
24                Altoona  United States                            3
25                Amherst  United States                            4
26               Anderson  United States                            3
27                Andover  United States                            4
28                   Anna  United States                            2
29                Anthony  United States                            2
30                Antioch  United States                            2
31           Apple Valley  United States                            3
32                   Aqsū     Kazakhstan                            2
33                Arcadia  United States                            3
34                Ardmore  United States                            2
35              Arlington  United States                            5
36      Arlington Heights  United States                            2
37                 Arnold  United States                            2
38                Artesia  United States                            2
39                Ashford United Kingdom                            2
40                Ashland  United States                            9
41                 Athens  United States                            5
42                Atlanta  United States                            2
43                 Attica  United States                            2
44                 Auburn  United States                            9
45                Audubon  United States                            2
46               Auerbach        Germany                            2
47                Augusta  United States                            3
48             Aurangābād          India                            2
49                 Aurora  United States                            5
50                 Austin  United States                            2
51                   Avon  United States                            5
52                  Ağdam     Azerbaijan                            2
53               Baicheng          China                            2
54                Baldwin  United States                            3
55                 Bangor United Kingdom                            2
56                 Bangor  United States                            2
57              Barberton  United States                            2
58                  Barre  United States                            2
59             Barrington  United States                            4
60               Bartlett  United States                            2
61                Bastrop  United States                            2
62                Batavia  United States                            2
63             Batesville  United States                            3
64                   Bath  United States                            2
65               Bay City  United States                            2
66                 Bazhou          China                            2
67              Beachwood  United States                            2
68               Beaumont  United States                            2
69             Beaver Dam  United States                            2
70                Bedford  United States                            8
71             Bedminster  United States                            2
72             Belleville  United States                            2
73               Bellevue  United States                            6
74             Bellingham  United States                            2
75               Bellwood  United States                            2
76                Belmont  United States                            5
77                 Belton  United States                            3
78                 Benton  United States                            3
79                  Berea  United States                            3
80                 Bergen        Germany                            2
81               Berkeley  United States                            4
82                Berkley  United States                            3
83                 Berlin  United States                            3
84                Berwick  United States                            2
85            Berëzovskiy         Russia                            2
86                Bethany  United States                            3
87        Bethel Township  United States                            2
88              Bethlehem  United States                            2
89          Beverly Hills  United States                            3
90                 Bilton United Kingdom                            2
91             Birmingham  United States                            2
92               Birstall United Kingdom                            2
93        Blagoveshchensk         Russia                            2
94                 Blaine  United States                            2
95             Bloomfield  United States                            3
96           Bloomingdale  United States                            4
97            Bloomington  United States                            4
98               Bluffton  United States                            2
99                  Boone  United States                            2
100             Boonville  United States                            2
101                Boston  United States                            2
102                 Bowie  United States                            2
103         Bowling Green  United States                            3
104               Bramley United Kingdom                            2
105               Brandon  United States                            3
106          Breckenridge  United States                            2
107                 Brent  United States                            2
108             Brentwood  United States                            5
109           Bridge City  United States                            2
110            Bridgeport  United States                            4
111             Bridgeton  United States                            2
112           Bridgewater  United States                            3
113              Brighton  United States                            3
114               Bristol  United States                            6
115            Brookfield  United States                            3
116            Brookhaven  United States                            5
117             Brookings  United States                            2
118             Brookline  United States                            2
119              Brooklyn  United States                            3
120         Brooklyn Park  United States                            2
121             Broughton United Kingdom                            2
122           Brownsville  United States                            3
123             Brunswick  United States                            5
124                 Bryan  United States                            2
125           Buena Vista  United States                            3
126               Buffalo  United States                            2
127               Burbank  United States                            2
128            Burlington  United States                            9
129                Burton  United States                            2
130                Butler  United States                            2
131                 Byram  United States                            2
132                 Byron  United States                            3
133                 Cairo  United States                            2
134              Caldwell  United States                            3
135            California  United States                            2
136             Calverton  United States                            2
137              Cam Ranh        Vietnam                            2
138               Cambria  United States                            3
139             Cambridge  United States                            4
140                Camden  United States                            3
141               Cameron  United States                            2
142          Cameron Park  United States                            2
143              Campbell  United States                            2
144                Canton  United States                            7
145           Canyon Lake  United States                            2
146            Carbondale  United States                            3
147              Carlisle  United States                            3
148              Carlsbad  United States                            2
149                Carmel  United States                            2
150      Carroll Township  United States                            3
151            Carrollton  United States                            3
152              Carthage  United States                            2
153                Carver  United States                            2
154                  Cary  United States                            2
155           Cedar Hills  United States                            2
156                Celina  United States                            2
157       Center Township  United States                            2
158           Centerville  United States                            5
159               Central  United States                            2
160             Centralia  United States                            2
161              Changsha          China                            2
162            Charleston  United States                            4
163           Charlestown  United States                            4
164             Charlotte  United States                            2
165               Chatham  United States                            3
166               Cheadle United Kingdom                            2
167               Chelsea  United States                            3
168           Cherry Hill  United States                            2
169               Chester  United States                            7
170          Chesterfield  United States                            2
171           Chillicothe  United States                            3
172                Cicero  United States                            2
173           Citrus Park  United States                            2
174        Ciudad Hidalgo         Mexico                            2
175             Claremont  United States                            2
176            Clarksburg  United States                            2
177             Clarkston  United States                            2
178           Clarksville  United States                            3
179                  Clay  United States                            2
180               Clayton  United States                            5
181            Clearfield  United States                            2
182             Cleveland  United States                            5
183               Clifton United Kingdom                            2
184               Clifton  United States                            3
185               Clinton  United States                           14
186                Clovis  United States                            2
187              Cochrane         Canada                            2
188            Colchester  United States                            2
189            Colesville  United States                            2
190               College  United States                            2
191          College Park  United States                            2
192          Collinsville  United States                            3
193         Colorado City  United States                            2
194              Columbia  United States                            8
195              Columbus  United States                            6
196              Commerce  United States                            3
197               Concord  United States                            6
198     Conewago Township  United States                            2
199                Conway  United States                            4
200              Corcoran  United States                            2
201               Corinth  United States                            3
202             Cornelius  United States                            2
203               Corning  United States                            2
204              Cornwall         Canada                            2
205              Cortland  United States                            2
206                Coswig        Germany                            2
207         Cottage Grove  United States                            3
208          Country Club  United States                            2
209           Countryside  United States                            2
210              Coventry  United States                            2
211             Covington  United States                            6
212                Cowley United Kingdom                            2
213                 Crato         Brazil                            2
214             Crestwood  United States                            3
215                 Crete  United States                            2
216           Creve Coeur  United States                            2
217               Crowley  United States                            2
218          Crystal Lake  United States                            2
219            Cuauhtémoc         Mexico                            2
220                Cudahy  United States                            2
221            Cumberland  United States                            5
222              Cárdenas         Mexico                            2
223                Daisen          Japan                            2
224                  Dali          China                            2
225                Dallas  United States                            4
226                Dalton  United States                            2
227              Damascus  United States                            2
228              Danville  United States                            5
229                Darhan       Mongolia                            2
230                Darien  United States                            2
231             Davenport  United States                            2
232                Dayton  United States                            7
233               De Soto  United States                            2
234               Decatur  United States                            5
235             Deer Park  United States                            3
236             Deerfield  United States                            2
237                Delano  United States                            2
238               Denison  United States                            2
239                Dennis  United States                            2
240                 Derby  United States                            3
241        Derry Township  United States                            2
242            Des Moines  United States                            2
243             Dickinson  United States                            4
244             Dillingen        Germany                            2
245                 Dixon  United States                            2
246               Douglas  United States                            4
247                 Dover  United States                            7
248                Dublin  United States                            3
249                Duluth  United States                            2
250                Dunbar  United States                            2
251                Durham  United States                            4
252                 Eagle  United States                            2
253        East Greenwich  United States                            2
254          East Hampton  United States                            2
255          East Hanover  United States                            2
256          East Windsor  United States                            2
257                Easton  United States                            4
258                 Eaton  United States                            2
259                  Eden  United States                            2
260             Edgewater  United States                            4
261              Edgewood  United States                            4
262             Eisenberg        Germany                            2
263             El Dorado  United States                            2
264                 Elgin  United States                            2
265         Elizabethtown  United States                            2
266          Elmwood Park  United States                            2
267               Elsmere  United States                            2
268                Elwood  United States                            2
269               Emerald      Australia                            2
270       Emiliano Zapata         Mexico                            2
271               Emporia  United States                            2
272             Englewood  United States                            4
273            Enterprise  United States                            2
274               Ephrata  United States                            2
275                Erbach        Germany                            2
276                Ereğli         Turkey                            2
277                  Erie  United States                            2
278                 Erwin  United States                            3
279                 Essex  United States                            3
280                Eureka  United States                            3
281                 Evans  United States                            3
282              Evanston  United States                            2
283            Evansville  United States                            2
284               Everett  United States                            2
285             Evergreen  United States                            2
286                Exeter  United States                            4
287             Fair Oaks  United States                            3
288               Fairfax  United States                            2
289             Fairfield  United States                            7
290              Fairmont  United States                            2
291             Fairmount  United States                            2
292              Fairview  United States                            7
293     Fairview Township  United States                            2
294              Fairwood  United States                            2
295              Falmouth  United States                            2
296            Farmington  United States                           10
297           Farnborough United Kingdom                            2
298          Fayetteville  United States                            4
299                Fenton  United States                            2
300              Ferguson  United States                            2
301              Ferndale  United States                            3
302               Findlay  United States                            2
303             Fitchburg  United States                            2
304              Florence  United States                            7
305                Fokino         Russia                            2
306                Folsom  United States                            2
307           Forest City  United States                            2
308          Forest Hills  United States                            2
309           Forest Park  United States                            3
310           Forestville  United States                            2
311               Forsyth  United States                            2
312              Fort Lee  United States                            2
313            Fort Meade  United States                            2
314       Fort Washington  United States                            2
315          Four Corners  United States                            3
316             Franconia  United States                            2
317           Frankenberg        Germany                            2
318             Frankfort  United States                            4
319              Franklin  United States                           13
320         Franklin Park  United States                            3
321     Franklin Township  United States                            3
322             Frederick  United States                            2
323        Fredericksburg  United States                            2
324              Freeport  United States                            4
325               Fremont  United States                            3
326                Fresno  United States                            2
327             Friedberg        Germany                            2
328              Frontera         Mexico                            2
329             Fruitland  United States                            2
330              Fukuyama          Japan                            2
331             Fullerton  United States                            2
332                Fulton  United States                            2
333                Fuyang          China                            2
334                Fuzhou          China                            2
335           Gainesville  United States                            4
336               Gaoping          China                            2
337                 Gaoua   Burkina Faso                            2
338           Garden City  United States                            6
339              Gardiner  United States                            2
340               Gardner  United States                            2
341               Gateway  United States                            2
342               Geneseo  United States                            2
343                Geneva  United States                            3
344            Georgetown  United States                            6
345            Germantown  United States                            4
346            Gillingham United Kingdom                            2
347                Gitega        Burundi                            2
348             Gladstone  United States                            2
349               Glasgow  United States                            2
350               Glencoe  United States                            3
351              Glendale  United States                            5
352              Glenwood  United States                            2
353            Gloucester  United States                            2
354         Golden Valley  United States                            2
355              Gonzales  United States                            3
356                Goshen  United States                            2
357               Grafton  United States                            4
358                Graham  United States                            3
359                Granby  United States                            3
360           Grand Falls         Canada                            2
361          Grand Island  United States                            2
362          Grand Rapids  United States                            2
363             Grandview  United States                            2
364             Granville  United States                            2
365                  Gray  United States                            2
366           Great Falls  United States                            2
367                 Green  United States                            2
368            Greenacres  United States                            2
369            Greenfield  United States                            6
370            Greensburg  United States                            2
371            Greenville  United States                           11
372             Greenwood  United States                            5
373                Gretna  United States                            2
374                Groton  United States                            3
375            Grove City  United States                            2
376             Groveland  United States                            2
377             Guadalupe         Mexico                            2
378             Guadalupe  United States                            2
379               Guankou          China                            2
380              Guilford  United States                            2
381              Gulfport  United States                            2
382              Guryevsk         Russia                            2
383              Hadleigh United Kingdom                            2
384                 Halle        Germany                            2
385              Hamilton  United States                            6
386     Hamilton Township  United States                            2
387               Hammond  United States                            2
388               Hampden  United States                            3
389             Hampstead  United States                            3
390               Hampton  United States                            4
391                Hanawa          Japan                            2
392               Hanover         Canada                            2
393               Hanover  United States                            5
394      Hanover Township  United States                            2
395            Harrisburg  United States                            4
396              Harrison  United States                            6
397              Hartford  United States                            4
398            Hartsville  United States                            2
399               Harvard  United States                            2
400                Harvey  United States                            2
401              Hastings  United States                            4
402              Hatfield United Kingdom                            2
403             Hawthorne  United States                            2
404                 Hayes United Kingdom                            2
405                 Heath  United States                            2
406                Hebron  United States                            2
407                 Hechi          China                            2
408                Helena  United States                            2
409             Hempstead  United States                            2
410             Henderson  United States                            5
411        Hendersonville  United States                            2
412              Hernando  United States                            2
413              Highland  United States                            5
414      Highland Heights  United States                            2
415         Highland Park  United States                            4
416             Highlands  United States                            2
417             Hillsboro  United States                            4
418          Hillsborough  United States                            4
419             Hillsdale  United States                            2
420              Hillside  United States                            2
421                Hobart  United States                            3
422              Holbrook  United States                            2
423               Holland  United States                            2
424         Holly Springs  United States                            3
425             Hollywood  United States                            2
426                 Homer  United States                            2
427              Homewood  United States                            2
428                Honchō          Japan                            3
429              Honmachi          Japan                            3
430     Hopewell Township  United States                            2
431             Hopkinton  United States                            3
432               Horodok        Ukraine                            2
433                Howell  United States                            2
434               Huazhou          China                            2
435                Hudson  United States                            7
436              Humboldt  United States                            2
437            Huntington  United States                            4
438            Huntsville  United States                            2
439                 Huron  United States                            3
440             Hurricane  United States                            2
441            Hutchinson  United States                            2
442                 Hythe United Kingdom                            2
443                   Ibb          Yemen                            2
444            Ichinomiya          Japan                            2
445                 Ikeda          Japan                            2
446          Independence  United States                            7
447             Indianola  United States                            2
448             Inverness  United States                            2
449                Inwood  United States                            2
450              Irondale  United States                            2
451             Irvington  United States                            2
452               Jackson  United States                           10
453      Jackson Township  United States                            3
454          Jacksonville  United States                            6
455             Jamestown  United States                            3
456                Jasper  United States                            4
457             Jefferson  United States                            4
458        Jefferson City  United States                            2
459              Jennings  United States                            2
460               Jericho  United States                            2
461                Jining          China                            2
462          Johnson City  United States                            2
463              Johnston  United States                            2
464             Johnstown  United States                            3
465             Jonesboro  United States                            2
466         Junction City  United States                            2
467               Kaiyuan          China                            3
468              Kaneyama          Japan                            2
469           Kansas City  United States                            2
470                Kariya          Japan                            2
471                Kawara          Japan                            2
472               Kearney  United States                            2
473                 Keene  United States                            2
474               Kenmore  United States                            2
475               Kennett  United States                            2
476            Kensington  United States                            2
477                  Kent  United States                            3
478             Kettering  United States                            2
479            Kings Park  United States                            2
480             Kingsland  United States                            2
481              Kingston  United States                            6
482             Kingswood United Kingdom                            2
483              Kirkland  United States                            2
484              Kirkwood  United States                            2
485                 Kirov         Russia                            2
486               Kirovsk         Russia                            2
487             Knoxville  United States                            2
488                  Koga          Japan                            2
489             Koronadal    Philippines                            2
490         Krasnoarmeysk         Russia                            2
491           Krasnogorsk         Russia                            2
492        Krasnoslobodsk         Russia                            2
493               Kusatsu          Japan                            2
494                 Kōchi          Japan                            2
495             La Grange  United States                            4
496              La Porte  United States                            2
497                 Lacey  United States                            2
498             Lafayette  United States                            5
499             Lake City  United States                            3
500           Lake Forest  United States                            2
501             Lake Park  United States                            2
502            Lake Shore  United States                            2
503              Lakeland  United States                            2
504              Lakeside  United States                            3
505              Lakeview  United States                            2
506             Lakeville  United States                            2
507              Lakewood  United States                            5
508             Lancaster  United States                            7
509             Landsberg        Germany                            2
510             Lansdowne  United States                            3
511               Lansing  United States                            4
512               Lantana  United States                            2
513                 Lanxi          China                            2
514                 Largo  United States                            2
515             Las Heras      Argentina                            2
516             Las Vegas  United States                            2
517                Laurel  United States                            5
518              Lawrence  United States                            5
519          Lawrenceburg  United States                            3
520         Lawrenceville  United States                            2
521               Lebanon  United States                           11
522                   Lee  United States                            2
523              Leesburg  United States                            2
524                 Lerma         Mexico                            2
525             Levittown  United States                            2
526             Lewisburg  United States                            3
527              Lewiston  United States                            3
528             Lewistown  United States                            2
529            Lewisville  United States                            2
530             Lexington  United States                            7
531               Liberty  United States                            3
532               Licheng          China                            2
533               Lincoln  United States                            6
534          Lincoln Park  United States                            2
535           Lindenhurst  United States                            2
536                Lisbon  United States                            2
537            Litchfield  United States                            4
538          Little Falls  United States                            2
539             Littleton  United States                            3
540              Live Oak  United States                            3
541            Livingston  United States                            4
542               Livonia  United States                            2
543          Lloydminster         Canada                            2
544              Lockhart  United States                            2
545              Lockport  United States                            2
546                  Lodi  United States                            2
547                 Logan  United States                            4
548                London  United States                            2
549            Long Beach  United States                            3
550           Long Branch  United States                            2
551               Longton United Kingdom                            2
552              Longview  United States                            2
553                Loreto         Mexico                            2
554                Loudon  United States                            2
555            Louisville  United States                            3
556              Loveland  United States                            2
557                Lowell  United States                            4
558                Luling  United States                            2
559             Lumberton  United States                            3
560              Luocheng          China                            2
561             Lynchburg  United States                            2
562             Lyndhurst  United States                            2
563                Lyndon  United States                            2
564               Lynwood  United States                            2
565                 Lyons  United States                            2
566               Madison  United States                            7
567       Madison Heights  United States                            2
568          Madisonville  United States                            2
569            Manchester  United States                            9
570             Manhattan  United States                            3
571             Mansfield  United States                            6
572                Mantua  United States                            2
573             Maplewood  United States                            4
574              Marietta  United States                            2
575                Marion  United States                            9
576           Marlborough  United States                            3
577               Marlton  United States                            2
578              Marshall  United States                            5
579            Marshfield  United States                            3
580              Martinez  United States                            2
581          Martinsville  United States                            3
582           Maryborough      Australia                            2
583            Marysville  United States                            4
584             Maryville  United States                            3
585                 Mason  United States                            2
586              Mayfield  United States                            2
587               Maywood  United States                            3
588             McFarland  United States                            2
589              McGregor  United States                            2
590           McMinnville  United States                            2
591           Meadowbrook  United States                            2
592               Medford  United States                            4
593                Medina  United States                            4
594               Meishan          China                            2
595               Memphis  United States                            2
596                Mendon  United States                            2
597               Mendota  United States                            2
598              Mercedes      Argentina                            2
599              Meridian  United States                            2
600              Mesquite  United States                            2
601                Mexico  United States                            2
602                 Miami  United States                            2
603            Middelburg   South Africa                            2
604            Middlebury  United States                            2
605             Middlesex  United States                            2
606             Middleton  United States                            3
607            Middletown  United States                            9
608   Middletown Township  United States                            2
609               Midland  United States                            3
610            Midlothian  United States                            2
611                Midway  United States                            2
612           Mikhaylovsk         Russia                            2
613                 Milan  United States                            2
614               Milford  United States                            6
615          Millersville  United States                            2
616                Milton  United States                            7
617               Mineola  United States                            2
618                Mirnyy         Russia                            2
619               Mission  United States                            2
620                Mocuba     Mozambique                            2
621              Monmouth  United States                            2
622                Monroe  United States                           10
623             Montclair  United States                            3
624            Montgomery  United States                            6
625   Montgomery Township  United States                            2
626            Monticello  United States                            6
627              Montrose  United States                            3
628             Montville  United States                            2
629                 Moore  United States                            2
630           Mooresville  United States                            2
631                Morris  United States                            3
632            Morristown  United States                            3
633           Morrisville  United States                            2
634            Mount Airy  United States                            2
635          Mount Barker      Australia                            2
636          Mount Carmel  United States                            4
637           Mount Holly  United States                            2
638           Mount Olive  United States                            2
639        Mount Pleasant  United States                            6
640          Mount Vernon  United States                            7
641         Mountain Home  United States                            2
642                Murphy  United States                            2
643                Murray  United States                            2
644          Myrtle Grove  United States                            2
645                  Naka          Japan                            2
646              Nakhodka         Russia                            2
647             Nashville  United States                            2
648                 Natal         Brazil                            2
649              Naumburg        Germany                            2
650              Neustadt        Germany                            7
651                Nevada  United States                            2
652            New Albany  United States                            3
653         New Baltimore  United States                            2
654          New Brighton  United States                            2
655           New Britain  United States                            2
656            New Castle  United States                            5
657           New Hanover  United States                            2
658          New Hartford  United States                            2
659             New Haven  United States                            2
660            New London  United States                            3
661           New Milford  United States                            2
662                Newark  United States                            5
663              Newberry  United States                            3
664             Newcastle  United States                            2
665             Newington  United States                            2
666               Newport United Kingdom                            3
667               Newport  United States                            7
668                Newton  United States                            5
669               Nikolsk         Russia                            2
670                 Niles  United States                            3
671               Noginsk         Russia                            2
672               Norfolk  United States                            3
673            North Bend  United States                            2
674           Northampton  United States                            2
675            Northbrook  United States                            2
676            Northfield  United States                            4
677             Northport  United States                            2
678                Norton  United States                            3
679               Norwalk  United States                            4
680               Norwich  United States                            2
681               Norwood  United States                            4
682              O'Fallon  United States                            2
683             Oak Grove  United States                            5
684             Oak Hills  United States                            2
685              Oak Park  United States                            3
686             Oak Ridge  United States                            3
687               Oakdale  United States                            4
688               Oakland  United States                            4
689              Oakville  United States                            2
690                Ocampo         Mexico                            2
691            Ocean City  United States                            3
692             Oceanside  United States                            2
693                Odessa  United States                            3
694                 Ogden  United States                            3
695                 Olney  United States                            2
696              Onalaska  United States                            2
697               Oneonta  United States                            2
698               Ontario  United States                            4
699                Orange  United States                            5
700           Orange City  United States                            2
701                Oregon  United States                            2
702                 Orono  United States                            2
703                 Oruro        Bolivia                            2
704               Osceola  United States                            2
705                Oswego  United States                            2
706                Otsego  United States                            2
707                Ottawa  United States                            3
708                Oxford  United States                            7
709                 Oyama          Japan                            2
710                 Ozark  United States                            2
711               Pacific  United States                            2
712          Palm Springs  United States                            2
713                Palmas         Brazil                            2
714                Palmer  United States                            3
715               Palmyra  United States                            3
716              Paradise  United States                            2
717                 Paris  United States                            5
718             Park City  United States                            3
719            Park Ridge  United States                            2
720                Parker  United States                            3
721              Parkland  United States                            2
722             Parkville  United States                            3
723                 Parma  United States                            2
724              Pasadena  United States                            3
725             Patterson  United States                            3
726                Payson  United States                            2
727             Pea Ridge  United States                            2
728                Pelham  United States                            3
729              Pembroke  United States                            3
730             Pendleton  United States                            2
731         Penn Township  United States                            3
732                Peoria  United States                            2
733                 Perry  United States                            4
734                  Peru  United States                            3
735          Philadelphia  United States                            2
736              Piedmont  United States                            3
737         Pine Township  United States                            2
738             Pinehurst  United States                            3
739             Pineville  United States                            2
740             Pittsburg  United States                            2
741            Plainfield  United States                            5
742             Plainview  United States                            2
743            Plainville  United States                            2
744                 Plano  United States                            2
745        Pleasant Grove  United States                            2
746         Pleasant Hill  United States                            3
747            Pleasanton  United States                            2
748         Pleasantville  United States                            2
749              Plymouth  United States                            8
750        Point Pleasant  United States                            2
751                Pomona  United States                            2
752               Pontiac  United States                            2
753       Port Washington  United States                            2
754               Portage  United States                            4
755              Portland  United States                            7
756            Portsmouth  United States                            4
757                Powell  United States                            2
758             Princeton  United States                            7
759              Progreso         Mexico                            2
760         Prospect Park  United States                            2
761            Providence  United States                            3
762               Pulaski  United States                            2
763              Qingyuan          China                            2
764                Quincy  United States                            5
765                Ramsey  United States                            2
766              Randolph  United States                            2
767               Reading  United States                            3
768              Red Bank  United States                            3
769               Red Oak  United States                            2
770               Redding  United States                            2
771              Redlands  United States                            2
772               Redmond  United States                            2
773            Rensselaer  United States                            2
774               Ribnica       Slovenia                            2
775             Richfield  United States                            3
776              Richland  United States                            3
777     Richland Township  United States                            3
778              Richmond      Australia                            2
779              Richmond United Kingdom                            2
780              Richmond  United States                            8
781      Richmond Heights  United States                            3
782            Ridgefield  United States                            3
783             Ridgeland  United States                            2
784                 Ripon  United States                            2
785           River Ridge  United States                            2
786             Riverdale  United States                            3
787             Riverside  United States                            6
788              Riverton  United States                            2
789             Riverview  United States                            2
790         Riviera Beach  United States                            2
791               Roanoke  United States                            2
792              Robinson  United States                            2
793             Rochester  United States                            6
794              Rockford  United States                            2
795            Rockingham  United States                            2
796              Rockland  United States                            2
797              Rockport  United States                            2
798             Rockville  United States                            2
799              Rockwood  United States                            2
800           Rocky Mount  United States                            2
801                Rogers  United States                            2
802                  Rome  United States                            2
803             Rongcheng          China                            2
804             Roosevelt  United States                            2
805              Rosedale  United States                            2
806               Roselle  United States                            2
807             Roseville  United States                            3
808         Ross Township  United States                            2
809                Rostov         Russia                            2
810               Roswell  United States                            2
811              Rothwell United Kingdom                            2
812               Royston United Kingdom                            2
813          Russellville  United States                            3
814               Rustavi        Georgia                            2
815               Rutland  United States                            2
816                   Rye  United States                            2
817               Saginaw  United States                            2
818            Saint Ives United Kingdom                            2
819                 Sakai          Japan                            2
820                 Salem  United States                            9
821                Salida  United States                            2
822                Salina  United States                            2
823             Salisbury  United States                            4
824    Salisbury Township  United States                            2
825      San Buenaventura         Mexico                            2
826            San Felipe         Mexico                            2
827          San Fernando    Philippines                            2
828              San Jose    Philippines                            3
829             San Justo      Argentina                            2
830            San Marcos  United States                            2
831              Sandwich  United States                            2
832                 Sandy  United States                            3
833               Sanford  United States                            3
834                Sanger  United States                            2
835           Santa Clara  United States                            2
836              Santa Fe  United States                            2
837              Saratoga  United States                            2
838      Saratoga Springs  United States                            2
839                Savage  United States                            2
840              Savannah  United States                            4
841                Sayama          Japan                            2
842              Scituate  United States                            2
843        Scott Township  United States                            2
844              Seabrook  United States                            3
845               Seaford  United States                            2
846               Seaside  United States                            2
847             Sekimachi          Japan                            2
848                 Selma  United States                            4
849              Seminole  United States                            3
850               Seymour  United States                            3
851              Shaoyang          China                            2
852                Sharon  United States                            2
853               Shawnee  United States                            2
854                Shelby  United States                            3
855           Shelbyville  United States                            3
856               Shelton  United States                            2
857            Shenandoah  United States                            2
858              Sheridan  United States                            3
859              Sherwood  United States                            2
860                Shiloh  United States                            2
861                 Shima          Japan                            2
862                Shingū          Japan                            2
863               Shirley  United States                            2
864             Shorewood  United States                            3
865            Shrewsbury  United States                            2
866                Sidney  United States                            4
867         Silver Spring  United States                            2
868            Smithfield  United States                            4
869            Smithville  United States                            2
870                Smyrna  United States                            3
871               Socorro  United States                            2
872                Somers  United States                            3
873              Somerset  United States                            4
874            Somerville  United States                            2
875           South Haven  United States                            2
876            South Hill  United States                            2
877        South Pasadena  United States                            2
878           Southampton  United States                            3
879  Southampton Township  United States                            2
880           Southbourne United Kingdom                            2
881             Southgate  United States                            2
882             Southwick United Kingdom                            2
883               Sovetsk         Russia                            3
884                Sparta  United States                            3
885               Spencer  United States                            2
886           Spring Hill  United States                            3
887       Spring Township  United States                            2
888         Spring Valley  United States                            4
889            Springdale  United States                            3
890           Springfield  United States                           12
891  Springfield Township  United States                            4
892            St. Albans  United States                            2
893           St. Charles  United States                            2
894             St. Clair  United States                            2
895             St. Cloud  United States                            2
896           St. Francis  United States                            2
897             St. James  United States                            2
898              St. John  United States                            2
899            St. Joseph  United States                            3
900             St. Louis  United States                            2
901             St. Marys  United States                            3
902              Stafford  United States                            3
903              Staunton  United States                            2
904              Sterling  United States                            5
905            Stillwater  United States                            3
906            Stonehouse United Kingdom                            2
907             Stoughton  United States                            2
908                  Stow  United States                            2
909             Stratford         Canada                            2
910             Stratford  United States                            2
911               Sturgis  United States                            2
912               Sudbury United Kingdom                            2
913              Sullivan  United States                            2
914           Summerfield  United States                            2
915           Summerville  United States                            2
916                Summit  United States                            5
917               Sunbury  United States                            2
918             Sunnyvale  United States                            2
919                Sunset  United States                            2
920              Superior  United States                            2
921                Suzhou          China                            2
922               Swansea  United States                            2
923            Sweetwater  United States                            3
924               Swinton United Kingdom                            2
925              Syracuse  United States                            3
926                 Tabuk    Philippines                            2
927               Taizhou          China                            2
928              Takahama          Japan                            2
929               Takaoka          Japan                            2
930               Talisay    Philippines                            2
931                  Tama          Japan                            2
932              Tamagawa          Japan                            2
933              Tarrafal     Cabo Verde                            2
934                Taylor  United States                            3
935          Taylorsville  United States                            2
936              Tecumseh  United States                            2
937             Templeton  United States                            2
938             Tewksbury  United States                            2
939             Texarkana  United States                            2
940             Thomaston  United States                            2
941           Thomasville  United States                            2
942              Thompson  United States                            2
943            Titusville  United States                            2
944          Tlalnepantla         Mexico                            2
945                Tonalá         Mexico                            2
946            Torrington  United States                            2
947               Trenton  United States                            4
948               Trinity  United States                            2
949                  Troy  United States                            6
950              Tuckahoe  United States                            2
951            Twin Lakes  United States                            3
952                Tyrone  United States                            2
953                 Union  United States                            6
954            Union City  United States                            5
955       University Park  United States                            3
956               Uppsala         Sweden                            2
957                Urbana  United States                            3
958                 Utica  United States                            2
959                  Vail  United States                            2
960         Valley Center  United States                            2
961          Valley Falls  United States                            2
962            Valparaiso  United States                            2
963             Van Buren  United States                            2
964              Vandalia  United States                            2
965   Veinticinco de Mayo      Argentina                            2
966                Vernon  United States                            5
967                Verona  United States                            3
968      Vicente Guerrero         Mexico                            2
969              Victoria  United States                            2
970                Vienna  United States                            3
971            Vila Velha         Brazil                            2
972            Villa Park  United States                            2
973           Villa Unión         Mexico                            2
974                Villas  United States                            2
975              Vineyard  United States                            2
976             Wakefield  United States                            3
977                Walker  United States                            2
978                Warren  United States                            7
979             Warrenton  United States                            3
980            Warrington  United States                            2
981               Warwick  United States                            2
982      Warwick Township  United States                            2
983            Washington  United States                            9
984   Washington Township  United States                            7
985             Waterbury  United States                            2
986             Waterford  United States                            5
987              Waterloo  United States                            3
988             Watertown  United States                            4
989            Waterville  United States                            2
990               Waverly  United States                            2
991                 Wayne  United States                            3
992            Waynesboro  United States                            3
993           Waynesville  United States                            2
994           Weatherford  United States                            2
995               Webster  United States                            3
996            Wellington United Kingdom                            2
997            Wellington  United States                            3
998         Wesley Chapel  United States                            2
999            West Haven  United States                            2
1000           West Point  United States                            3
1001     West Springfield  United States                            2
1002            Westbrook  United States                            2
1003          Westchester  United States                            2
1004            Westfield  United States                            3
1005          Westminster  United States                            4
1006             Westmont  United States                            2
1007               Weston  United States                            4
1008             Westport  United States                            2
1009             Westwood  United States                            3
1010              Wharton  United States                            2
1011              Wheaton  United States                            2
1012             Wheeling  United States                            2
1013           Whitchurch United Kingdom                            3
1014           White City  United States                            2
1015            White Oak  United States                            4
1016            Whitehall  United States                            3
1017           Whitestown  United States                            2
1018             Wildwood  United States                            2
1019              Willard  United States                            2
1020             Williams  United States                            2
1021         Williamsburg  United States                            3
1022           Williamson  United States                            2
1023          Williamston  United States                            2
1024         Williamstown  United States                            2
1025            Williston  United States                            2
1026          Willowbrook  United States                            2
1027           Wilmington  United States                            5
1028               Wilson  United States                            3
1029               Wilton  United States                            3
1030           Winchester  United States                            6
1031              Windham  United States                            3
1032              Windsor         Canada                            2
1033              Windsor  United States                            5
1034             Winfield  United States                            3
1035              Winslow  United States                            3
1036             Winthrop  United States                            2
1037           Woodbridge  United States                            2
1038             Woodburn  United States                            2
1039             Woodbury  United States                            5
1040             Woodlake  United States                            2
1041             Woodland  United States                            2
1042        Woodland Park  United States                            2
1043             Woodlawn  United States                            2
1044             Woodmere  United States                            2
1045            Woodstock         Canada                            2
1046            Woodstock  United States                            5
1047            Worcester  United States                            2
1048          Worthington  United States                            2
1049               Wright  United States                            2
1050              Wyoming  United States                            3
1051            Xingcheng          China                            2
1052              Xinxing          China                            2
1053               Xiping          China                            2
1054             Yamagata          Japan                            2
1055             Yarmouth  United States                            2
1056                Yeosu   Korea, South                            2
1057              Yicheng          China                            2
1058               Yichun          China                            2
1059               Yiyang          China                            2
1060              Yong’an          China                            2
1061                 York  United States                            4
1062             Yorktown  United States                            2
1063              Yucheng          China                            2
1064                Yunfu          China                            2
1065               Yuzawa          Japan                            2
1066            Zarechnyy         Russia                            2
1067        Zheleznogorsk         Russia                            2
1068             Zhijiang          China                            2
1069               Ōmachi          Japan                            2
1070                  Ōzu          Japan                            2
1071           Ştefăneşti        Romania                            2
1072              Šmartno       Slovenia                            2
1073               Żebbuġ          Malta                            2

--------------------------------------------------
Find the largest 10 cities by population
--------------------------------------------------
          CITY LARGEST_POPULATION
1        Tokyo           37977000
2      Jakarta           34540000
3        Delhi           29628735
4       Mumbai           23355000
5       Manila           23088000
6     Shanghai           22120000
7    São Paulo           22046000
8        Seoul           21794000
9  Mexico City           20996000
10   Guangzhou           20902000

--------------------------------------------------
Find the smallest 10 non-zero cities by population
--------------------------------------------------
           CITY SMALLEST_POPULATION
1       Kobarid               4.472
2         Agapa              10.000
3        Andoas              10.000
4        Barnīs              10.000
5  Bol’sheretsk              10.000
6   Bîr Mogreïn              10.000
7        Chagda              10.000
8        Chegga              10.000
9         Djado              10.000
10 Gaigirgordub              10.000

--------------------------------------------------
Calculate average population
--------------------------------------------------
  AVERAGE_POPULATION
1           162345.7

--------------------------------------------------
Calculate median population
--------------------------------------------------
  MEDIAN_POPULATION
1           20079.5

--------------------------------------------------
Count cities with population above 100,000
--------------------------------------------------
  CITIES_ABOVE_HUNDRED_THOUSAND
1                          4522

--------------------------------------------------
Count cities with population above 1 million
--------------------------------------------------
  CITIES_ABOVE_ONE_MILLION
1                      714

--------------------------------------------------
Count cities with population above 5 million
--------------------------------------------------
  CITIES_ABOVE_FIVE_MILLION
1                       145

--------------------------------------------------
Find the largest city in each country
--------------------------------------------------
                                     COUNTRY                CITY POPULATION
1                                Afghanistan               Kabul    3678034
2                                    Albania              Tirana     418495
3                                    Algeria             Algiers    3415811
4                             American Samoa           Pago Pago      12576
5                                    Andorra    Andorra la Vella      22151
6                                     Angola              Luanda    8417000
7                        Antigua And Barbuda        Saint John’s      21926
8                                  Argentina        Buenos Aires   16157000
9                                    Armenia             Yerevan    1075800
10                                     Aruba          Oranjestad      34980
11                                 Australia              Sydney    5312163
12                                   Austria              Vienna    1840573
13                                Azerbaijan                Baku    2181800
14                              Bahamas, The              Nassau     274400
15                                   Bahrain              Manama     157474
16                                Bangladesh               Dhaka   15443000
17                                  Barbados          Bridgetown     110000
18                                   Belarus               Minsk    2020600
19                                   Belgium             Antwerp     529247
20                                    Belize         Belize City      57169
21                                     Benin             Cotonou     762000
22                                   Bermuda            Hamilton      52320
23                                    Bhutan             Thimphu     104000
24                                   Bolivia          Santa Cruz    3151676
25                    Bosnia And Herzegovina            Sarajevo     275524
26                                  Botswana            Gaborone     231626
27                                    Brazil           São Paulo   22046000
28                                    Brunei Bandar Seri Begawan      50000
29                                  Bulgaria               Sofia    1355142
30                              Burkina Faso         Ouagadougou    1626950
31                                     Burma             Rangoon    5430000
32                                   Burundi           Bujumbura     658859
33                                Cabo Verde               Praia     127832
34                                  Cambodia          Phnom Penh    2129371
35                                  Cameroon              Douala    2446945
36                                    Canada             Toronto    5429524
37                            Cayman Islands         George Town      27704
38                  Central African Republic              Bangui     734350
39                                      Chad           N’Djamena    1092066
40                                     Chile            Santiago    7007000
41                                     China            Shanghai   22120000
42                                  Colombia              Bogotá    9464000
43                                   Comoros              Moroni     111329
44                       Congo (Brazzaville)         Brazzaville    1827000
45                          Congo (Kinshasa)            Kinshasa   13528000
46                              Cook Islands              Avarua       5445
47                                Costa Rica            San José     288054
48                                   Croatia              Zagreb     790017
49                                      Cuba              Havana    2141652
50                                   Curaçao          Willemstad     150000
51                                    Cyprus             Nicosia     330000
52                                   Czechia              Prague    1324277
53                             Côte D’Ivoire             Abidjan    4980000
54                                   Denmark          Copenhagen    1085000
55                                  Djibouti            Djibouti     562000
56                                  Dominica              Roseau      16582
57                        Dominican Republic       Santo Domingo    2581827
58                                   Ecuador           Guayaquil    2723665
59                                     Egypt               Cairo   19372000
60                               El Salvador        San Salvador     567698
61                         Equatorial Guinea                Bata     250770
62                                   Eritrea              Asmara     963000
63                                   Estonia             Tallinn     434562
64                                  Ethiopia         Addis Ababa    3041002
65         Falkland Islands (Islas Malvinas)             Stanley       2213
66                             Faroe Islands            Tórshavn      13326
67                                      Fiji                Suva      88271
68                                   Finland            Helsinki     642045
69                                    France               Paris   11020000
70                             French Guiana             Cayenne      61550
71                          French Polynesia             Papeete     131695
72                                     Gabon          Libreville     797003
73                               Gambia, The             Brikama     195136
74                                   Georgia             Tbilisi    1118035
75                                   Germany              Berlin    3644826
76                                     Ghana               Accra    2291352
77                                 Gibraltar           Gibraltar     187083
78                                    Greece              Athens     664046
79                                 Greenland                Nuuk      18326
80                                   Grenada      Saint George’s       4315
81                                Guadeloupe      Pointe-à-Pitre     145511
82                                      Guam               Maina     122411
83                                 Guatemala      Guatemala City    2450212
84                                    Guinea             Conakry    1667864
85                             Guinea-Bissau              Bissau     395954
86                                    Guyana          Georgetown     200500
87                                     Haiti      Port-au-Prince     987310
88                                  Honduras         Comayagüela    1250000
89                                 Hong Kong           Hong Kong    7347000
90                                   Hungary            Budapest    1752286
91                                   Iceland           Reykjavík     128793
92                                     India               Delhi   29617000
93                                 Indonesia             Jakarta   34540000
94                                      Iran              Tehran   13633000
95                                      Iraq             Baghdad    5796000
96                                   Ireland              Dublin    1173179
97                               Isle Of Man             Douglas      25000
98                                    Israel           Jerusalem     919438
99                                     Italy                Rome    2872800
100                                  Jamaica            Kingston     580000
101                                    Japan               Tokyo   37977000
102                                   Jersey        Saint Helier      33522
103                                   Jordan               Amman    4007526
104                               Kazakhstan              Almaty    1806833
105                                    Kenya             Nairobi    5545000
106                                 Kiribati              Tarawa      28802
107                             Korea, North           Pyongyang    2863000
108                             Korea, South               Seoul   21794000
109                                   Kosovo            Pristina     204725
110                                   Kuwait         Kuwait City     637411
111                               Kyrgyzstan             Bishkek    1027200
112                                     Laos           Vientiane     760000
113                                   Latvia                Riga     698529
114                                  Lebanon             Tripoli     530000
115                                  Lesotho              Maseru     330790
116                                  Liberia            Monrovia    1021762
117                                    Libya             Tripoli    1126000
118                            Liechtenstein               Vaduz      36281
119                                Lithuania             Vilnius     574147
120                               Luxembourg          Luxembourg     122273
121                                    Macau               Macau     568700
122                                Macedonia              Skopje     640000
123                               Madagascar        Antananarivo    2610000
124                                   Malawi            Blantyre    1895973
125                                 Malaysia        Kuala Lumpur    8285000
126                                 Maldives                Male     133019
127                                     Mali              Bamako    2009109
128                                    Malta          Birkirkara      24356
129                         Marshall Islands              Majuro      25400
130                               Martinique      Fort-de-France     253995
131                               Mauritania          Nouakchott    1077169
132                                Mauritius            Curepipe     299975
133                                  Mayotte           Mamoudzou      32057
134                                   Mexico         Mexico City   20996000
135          Micronesia, Federated States Of             Palikir       6227
136                                  Moldova            Chisinau     685900
137                                   Monaco              Monaco      36371
138                                 Mongolia         Ulaanbaatar    1396288
139                               Montenegro           Podgorica     174515
140                                  Morocco          Casablanca    4370000
141                               Mozambique              Maputo    1191613
142                                  Namibia            Windhoek     322500
143                                    Nepal           Kathmandu     975453
144                              Netherlands           The Hague    1406000
145                            New Caledonia              Nouméa      93060
146                              New Zealand            Auckland    1467800
147                                Nicaragua             Managua    1028808
148                                    Niger              Niamey    1026848
149                                  Nigeria               Lagos   15279000
150                 Northern Mariana Islands        Capitol Hill       2500
151                                   Norway                Oslo     693494
152                                     Oman              Muscat    1421409
153                                 Pakistan             Karachi   14835000
154                                    Palau               Koror       8744
155                                   Panama         Panama City     880691
156                         Papua New Guinea        Port Moresby     364125
157                                 Paraguay            Asunción    1870000
158                                     Peru                Lima    9848000
159                              Philippines              Manila   23088000
160                                   Poland              Warsaw    1790658
161                                 Portugal              Lisbon     506654
162                              Puerto Rico            San Juan     331165
163                                    Qatar                Doha    1312947
164                                  Reunion         Saint-Denis     190047
165                                  Romania           Bucharest    1883425
166                                   Russia              Moscow   17125000
167                                   Rwanda              Kigali     745261
168                    Saint Kitts And Nevis          Basseterre      13220
169                              Saint Lucia            Castries      70000
170         Saint Vincent And The Grenadines           Kingstown      25418
171                                    Samoa                Apia      37708
172                               San Marino          San Marino       4040
173                    Sao Tome And Principe            São Tomé      56166
174                             Saudi Arabia              Riyadh    6881000
175                                  Senegal               Dakar    1146053
176                                   Serbia            Belgrade    1378682
177                               Seychelles            Victoria      26450
178                             Sierra Leone            Freetown     951000
179                                Singapore           Singapore    5745000
180                                 Slovakia          Bratislava     429564
181                                 Slovenia           Ljubljana     284355
182                          Solomon Islands             Honiara      84520
183                                  Somalia           Mogadishu    2120000
184                             South Africa        Johannesburg    4434827
185 South Georgia And South Sandwich Islands           Grytviken         99
186                              South Sudan                Juba     372410
187                                    Spain           Barcelona    4588000
188                                Sri Lanka             Colombo     752993
189                                    Sudan            Khartoum    7282000
190                                 Suriname          Paramaribo     223757
191                                Swaziland             Manzini     110508
192                                   Sweden           Stockholm     972647
193                              Switzerland              Zürich     434008
194                                    Syria              Aleppo    1834093
195                                   Taiwan            Taichung    2803894
196                               Tajikistan            Dushanbe     780000
197                                 Tanzania       Dar es Salaam    6698000
198                                 Thailand             Bangkok   17066000
199                              Timor-Leste                Dili     222323
200                                     Togo                Lomé     837437
201                                    Tonga          Nuku‘alofa      24571
202                      Trinidad And Tobago           Chaguanas      83489
203                                  Tunisia               Tunis    1200000
204                                   Turkey            Istanbul   15154000
205                             Turkmenistan            Ashgabat    1031992
206                 Turks And Caicos Islands          Grand Turk       5801
207                                   Tuvalu            Funafuti       6025
208                                   Uganda             Kampala    1659600
209                                  Ukraine                Kyiv    2967000
210                     United Arab Emirates               Dubai    2502715
211                           United Kingdom              London   10979000
212                            United States            New York   18713220
213                                  Uruguay          Montevideo    1319108
214                               Uzbekistan            Tashkent    2424100
215                                  Vanuatu           Port-Vila      51437
216                             Vatican City        Vatican City        825
217                                Venezuela             Caracas    1943901
218                                  Vietnam    Ho Chi Minh City   13312000
219                                    Yemen               Sanaa    2957000
220                                   Zambia              Lusaka    1742979
221                                 Zimbabwe              Harare    1606000

--------------------------------------------------
Count cities per country
--------------------------------------------------
                                          COUNTRY CITY_COUNT
1                                     Afghanistan         44
2                                         Albania         50
3                                         Algeria         62
4                                  American Samoa          1
5                                         Andorra          7
6                                          Angola         49
7                             Antigua And Barbuda          1
8                                       Argentina        253
9                                         Armenia         30
10                                          Aruba          1
11                                      Australia        361
12                                        Austria        134
13                                     Azerbaijan         82
14                                   Bahamas, The          3
15                                        Bahrain          4
16                                     Bangladesh         18
17                                       Barbados          1
18                                        Belarus         89
19                                        Belgium         77
20                                         Belize          8
21                                          Benin         13
22                                        Bermuda          1
23                                         Bhutan         20
24                                        Bolivia         81
25                         Bosnia And Herzegovina         32
26                                       Botswana         25
27                                         Brazil        788
28                                         Brunei          5
29                                       Bulgaria        133
30                                   Burkina Faso         32
31                                          Burma         40
32                                        Burundi         19
33                                     Cabo Verde         23
34                                       Cambodia         27
35                                       Cameroon         34
36                                         Canada        625
37                                 Cayman Islands          1
38                       Central African Republic         25
39                                           Chad         29
40                                          Chile        111
41                                          China        693
42                                       Colombia         75
43                                        Comoros          5
44                            Congo (Brazzaville)         18
45                               Congo (Kinshasa)         89
46                                   Cook Islands          1
47                                     Costa Rica         18
48                                        Croatia         48
49                                           Cuba         68
50                                        Curaçao          1
51                                         Cyprus          6
52                                        Czechia        272
53                                  Côte D’Ivoire         25
54                                        Denmark         12
55                                       Djibouti          6
56                                       Dominica          1
57                             Dominican Republic         33
58                                        Ecuador         77
59                                          Egypt         85
60                                    El Salvador         14
61                              Equatorial Guinea         13
62                                        Eritrea         15
63                                        Estonia         25
64                                       Ethiopia         42
65              Falkland Islands (Islas Malvinas)          1
66                                  Faroe Islands         29
67                                           Fiji          7
68                                        Finland        107
69                                         France        444
70                                  French Guiana          7
71                               French Polynesia          1
72                                          Gabon         19
73                                    Gambia, The          9
74                                        Georgia         38
75                                        Germany       1606
76                                          Ghana         25
77                                      Gibraltar          1
78                                         Greece        125
79                                      Greenland         22
80                                        Grenada          1
81                                     Guadeloupe          3
82                                           Guam          2
83                                      Guatemala         33
84                                         Guinea         29
85                                  Guinea-Bissau         11
86                                         Guyana         12
87                                          Haiti         15
88                                       Honduras         35
89                                      Hong Kong          1
90                                        Hungary        230
91                                        Iceland         13
92                                          India        433
93                                      Indonesia        131
94                                           Iran        188
95                                           Iraq         41
96                                        Ireland         39
97                                    Isle Of Man          1
98                                         Israel         69
99                                          Italy         92
100                                       Jamaica         18
101                                         Japan        827
102                                        Jersey          1
103                                        Jordan         14
104                                    Kazakhstan        109
105                                         Kenya         62
106                                      Kiribati          2
107                                  Korea, North         37
108                                  Korea, South         84
109                                        Kosovo         49
110                                        Kuwait          3
111                                    Kyrgyzstan         28
112                                          Laos         20
113                                        Latvia        114
114                                       Lebanon         12
115                                       Lesotho         11
116                                       Liberia         17
117                                         Libya         42
118                                 Liechtenstein         11
119                                     Lithuania         62
120                                    Luxembourg         15
121                                         Macau          1
122                                     Macedonia         70
123                                    Madagascar         29
124                                        Malawi         29
125                                      Malaysia         35
126                                      Maldives         21
127                                          Mali         31
128                                         Malta         68
129                              Marshall Islands          1
130                                    Martinique          1
131                                    Mauritania         22
132                                     Mauritius          6
133                                       Mayotte          1
134                                        Mexico        750
135               Micronesia, Federated States Of          5
136                                       Moldova         53
137                                        Monaco          1
138                                      Mongolia         27
139                                    Montenegro         24
140                                       Morocco         78
141                                    Mozambique         40
142                                       Namibia         31
143                                         Nepal         36
144                                   Netherlands         18
145                                 New Caledonia          3
146                                   New Zealand         72
147                                     Nicaragua         22
148                                         Niger         19
149                                       Nigeria         74
150                      Northern Mariana Islands          1
151                                        Norway         51
152                                          Oman         16
153                                      Pakistan         90
154                                         Palau          3
155                                        Panama         19
156                              Papua New Guinea         28
157                                      Paraguay         40
158                                          Peru        104
159                                   Philippines        185
160                                        Poland        209
161                                      Portugal        225
162                                   Puerto Rico         56
163                                         Qatar          8
164                                       Reunion          2
165                                       Romania        238
166                                        Russia       1161
167                                        Rwanda         16
168 Saint Helena, Ascension, And Tristan Da Cunha          2
169                         Saint Kitts And Nevis          1
170                                   Saint Lucia          2
171              Saint Vincent And The Grenadines          1
172                                         Samoa         12
173                                    San Marino          9
174                         Sao Tome And Principe          7
175                                  Saudi Arabia         43
176                                       Senegal         18
177                                        Serbia        148
178                                    Seychelles          1
179                                  Sierra Leone          6
180                                     Singapore          1
181                                      Slovakia        116
182                                      Slovenia        212
183                               Solomon Islands          9
184                                       Somalia         29
185                                  South Africa        105
186      South Georgia And South Sandwich Islands          1
187                                   South Sudan         17
188                                         Spain        125
189                                     Sri Lanka         20
190                                         Sudan         37
191                                      Suriname         14
192                                     Swaziland          9
193                                        Sweden         51
194                                   Switzerland        161
195                                         Syria         61
196                                        Taiwan         31
197                                    Tajikistan         16
198                                      Tanzania         63
199                                      Thailand        181
200                                   Timor-Leste         13
201                                          Togo          9
202                                         Tonga          2
203                           Trinidad And Tobago         17
204                                       Tunisia         28
205                                        Turkey        196
206                                  Turkmenistan         23
207                      Turks And Caicos Islands          1
208                                        Tuvalu          1
209                                        Uganda        130
210                                       Ukraine        316
211                          United Arab Emirates          9
212                                United Kingdom       1798
213                                 United States       7768
214                                       Uruguay         55
215                                    Uzbekistan         56
216                                       Vanuatu          6
217                                  Vatican City          1
218                                     Venezuela         91
219                                       Vietnam         76
220                             Wallis And Futuna          1
221                                     West Bank          1
222                                         Yemen         42
223                                        Zambia         35
224                                      Zimbabwe         26

--------------------------------------------------
Find the 20 countries with the most cities
--------------------------------------------------
          COUNTRY CITY_COUNT
1   United States       7768
2  United Kingdom       1798
3         Germany       1606
4          Russia       1161
5           Japan        827
6          Brazil        788
7          Mexico        750
8           China        693
9          Canada        625
10         France        444
11          India        433
12      Australia        361
13        Ukraine        316
14        Czechia        272
15      Argentina        253
16        Romania        238
17        Hungary        230
18       Portugal        225
19       Slovenia        212
20         Poland        209

--------------------------------------------------
Calculate average city population by country
--------------------------------------------------
                                          COUNTRY AVERAGE_CITY_POPULATION
1                                     Afghanistan              191654.487
2                                         Albania               33835.380
3                                         Algeria              189968.667
4                                  American Samoa               12576.000
5                                         Andorra               22151.000
6                                          Angola              241874.354
7                             Antigua And Barbuda               21926.000
8                                       Argentina              143053.373
9                                         Armenia               62393.893
10                                          Aruba               34980.000
11                                      Australia               65272.238
12                                        Austria               33182.709
13                                     Azerbaijan               67751.348
14                                   Bahamas, The              102022.000
15                                        Bahrain               81293.500
16                                     Bangladesh             1293832.611
17                                       Barbados              110000.000
18                                        Belarus               74227.966
19                                        Belgium               47264.182
20                                         Belize               18007.125
21                                          Benin              192832.800
22                                        Bermuda               52320.000
23                                         Bhutan               32250.000
24                                        Bolivia              118259.383
25                         Bosnia And Herzegovina               51075.194
26                                       Botswana               37205.000
27                                         Brazil              171848.266
28                                         Brunei               33783.000
29                                       Bulgaria               42514.684
30                                   Burkina Faso               90621.290
31                                          Burma              307671.950
32                                        Burundi               56167.375
33                                     Cabo Verde               22968.455
34                                       Cambodia              150191.714
35                                       Cameroon              244921.618
36                                         Canada               60396.458
37                                 Cayman Islands               27704.000
38                       Central African Republic               55561.280
39                                           Chad               85084.160
40                                          Chile              124099.225
41                                          China             2004138.885
42                                       Colombia              379888.413
43                                        Comoros               39250.500
44                            Congo (Brazzaville)              180532.647
45                               Congo (Kinshasa)              308195.607
46                                   Cook Islands                5445.000
47                                     Costa Rica               50746.944
48                                        Croatia               48028.419
49                                           Cuba              111656.000
50                                        Curaçao              150000.000
51                                         Cyprus              120681.833
52                                        Czechia               23919.312
53                                  Côte D’Ivoire              333854.000
54                                        Denmark              157854.417
55                                       Djibouti              134191.800
56                                       Dominica               16582.000
57                             Dominican Republic              198429.281
58                                        Ecuador              115521.442
59                                          Egypt              457333.576
60                                    El Salvador              147417.714
61                              Equatorial Guinea               43839.769
62                                        Eritrea               96042.143
63                                        Estonia               33844.160
64                                       Ethiopia              178918.350
65              Falkland Islands (Islas Malvinas)                2213.000
66                                  Faroe Islands                8995.000
67                                           Fiji               40925.143
68                                        Finland               40658.364
69                                         France               86552.691
70                                  French Guiana               17079.000
71                               French Polynesia              131695.000
72                                          Gabon               63267.158
73                                    Gambia, The               38686.750
74                                        Georgia               57556.722
75                                        Germany               36266.057
76                                          Ghana              337759.053
77                                      Gibraltar              187083.000
78                                         Greece               36702.648
79                                      Greenland                2109.636
80                                        Grenada                4315.000
81                                     Guadeloupe               72909.000
82                                           Guam               61731.000
83                                      Guatemala              132195.879
84                                         Guinea              104728.448
85                                  Guinea-Bissau               53272.300
86                                         Guyana               35080.444
87                                          Haiti              227267.857
88                                       Honduras              152114.657
89                                      Hong Kong             7347000.000
90                                        Hungary               27855.696
91                                        Iceland               20729.923
92                                          India              623950.048
93                                      Indonesia              666277.836
94                                           Iran              259325.807
95                                           Iraq              454261.341
96                                        Ireland               78907.583
97                                    Isle Of Man               25000.000
98                                         Israel               88279.130
99                                          Italy              183141.957
100                                       Jamaica               83417.706
101                                         Japan              179291.140
102                                        Jersey               33522.000
103                                        Jordan              504806.667
104                                    Kazakhstan               99071.532
105                                         Kenya              253075.568
106                                      Kiribati               16953.500
107                                  Korea, North              300360.500
108                                  Korea, South              734629.988
109                                        Kosovo               40083.245
110                                        Kuwait              300122.333
111                                    Kyrgyzstan               72287.857
112                                          Laos               90152.643
113                                        Latvia               20661.940
114                                       Lebanon              144417.000
115                                       Lesotho               60698.000
116                                       Liberia               98303.692
117                                         Libya              105584.744
118                                 Liechtenstein               15502.667
119                                     Lithuania               32223.655
120                                    Luxembourg               21606.889
121                                         Macau              568700.000
122                                     Macedonia               45398.242
123                                    Madagascar              141557.103
124                                        Malawi              158756.810
125                                      Malaysia              573821.235
126                                      Maldives              133019.000
127                                          Mali              109448.200
128                                         Malta               15859.667
129                              Marshall Islands               25400.000
130                                    Martinique              253995.000
131                                    Mauritania               94147.556
132                                     Mauritius               83117.333
133                                       Mayotte               32057.000
134                                        Mexico              137952.902
135               Micronesia, Federated States Of                6227.000
136                                       Moldova               32835.942
137                                        Monaco               36371.000
138                                      Mongolia               80783.120
139                                    Montenegro               31999.300
140                                       Morocco              220605.000
141                                    Mozambique              137454.200
142                                       Namibia               29695.481
143                                         Nepal              101182.371
144                                   Netherlands              386940.400
145                                 New Caledonia               93060.000
146                                   New Zealand               65176.708
147                                     Nicaragua              124473.682
148                                         Niger              121254.789
149                                       Nigeria              782455.429
150                      Northern Mariana Islands                2500.000
151                                        Norway               48242.216
152                                          Oman              222929.800
153                                      Pakistan              632809.789
154                                         Palau                7885.000
155                                        Panama               96133.941
156                              Papua New Guinea               35545.500
157                                      Paraguay               88305.128
158                                          Peru              204551.760
159                                   Philippines              425494.381
160                                        Poland               74326.603
161                                      Portugal               36970.982
162                                   Puerto Rico               27502.089
163                                         Qatar             1312947.000
164                                       Reunion              112678.500
165                                       Romania               39179.118
166                                        Russia               91292.741
167                                        Rwanda               96600.188
168 Saint Helena, Ascension, And Tristan Da Cunha                      NA
169                         Saint Kitts And Nevis               13220.000
170                                   Saint Lucia               45830.000
171              Saint Vincent And The Grenadines               25418.000
172                                         Samoa               37708.000
173                                    San Marino                4040.000
174                         Sao Tome And Principe               31401.000
175                                  Saudi Arabia              519235.535
176                                       Senegal              175525.267
177                                        Serbia               77204.936
178                                    Seychelles               26450.000
179                                  Sierra Leone              297807.000
180                                     Singapore             5745000.000
181                                      Slovakia               25052.371
182                                      Slovenia               28430.339
183                               Solomon Islands               30409.000
184                                       Somalia              124089.625
185                                  South Africa              148366.288
186      South Georgia And South Sandwich Islands                  99.000
187                                   South Sudan               88017.625
188                                         Spain              181929.528
189                                     Sri Lanka              118911.684
190                                         Sudan              492260.594
191                                      Suriname               24326.769
192                                     Swaziland               29069.000
193                                        Sweden               79555.118
194                                   Switzerland               24873.460
195                                         Syria              147795.803
196                                        Taiwan              563096.517
197                                    Tajikistan               94730.625
198                                      Tanzania              191124.153
199                                      Thailand              130377.663
200                                   Timor-Leste               33236.333
201                                          Togo              174065.714
202                                         Tonga               15981.000
203                           Trinidad And Tobago               39677.286
204                                       Tunisia              140219.538
205                                        Turkey              362033.219
206                                  Turkmenistan              111618.591
207                      Turks And Caicos Islands                5801.000
208                                        Tuvalu                6025.000
209                                        Uganda               90364.738
210                                       Ukraine               80899.649
211                          United Arab Emirates              692866.444
212                                United Kingdom               40353.327
213                                 United States               51560.434
214                                       Uruguay               51026.727
215                                    Uzbekistan              147024.982
216                                       Vanuatu               21846.333
217                                  Vatican City                 825.000
218                                     Venezuela              237596.066
219                                       Vietnam              583606.215
220                             Wallis And Futuna                      NA
221                                     West Bank                      NA
222                                         Yemen              171140.154
223                                        Zambia              135563.886
224                                      Zimbabwe              146464.080

----------------------------------------------------------------------
Calculate total population represented by cities in each country
----------------------------------------------------------------------
                                          COUNTRY TOTAL_POPULATION
1                                     Afghanistan        7474525.0
2                                         Albania        1691769.0
3                                         Algeria       10828214.0
4                                  American Samoa          12576.0
5                                         Andorra          22151.0
6                                          Angola       11609969.0
7                             Antigua And Barbuda          21926.0
8                                       Argentina       36192503.3
9                                         Armenia        1747029.0
10                                          Aruba          34980.0
11                                      Australia       23563278.0
12                                        Austria        4446483.0
13                                     Azerbaijan        4471589.0
14                                   Bahamas, The         306066.0
15                                        Bahrain         325174.0
16                                     Bangladesh       23288987.0
17                                       Barbados         110000.0
18                                        Belarus        6606289.0
19                                        Belgium        3639342.0
20                                         Belize         144057.0
21                                          Benin        1928328.0
22                                        Bermuda          52320.0
23                                         Bhutan         129000.0
24                                        Bolivia        9579010.0
25                         Bosnia And Herzegovina        1583331.0
26                                       Botswana         781305.0
27                                         Brazil      135416434.0
28                                         Brunei         101349.0
29                                       Bulgaria        5654453.0
30                                   Burkina Faso        2809260.0
31                                          Burma       12306878.0
32                                        Burundi         898678.0
33                                     Cabo Verde         252653.0
34                                       Cambodia        3154026.0
35                                       Cameroon        8327335.0
36                                         Canada       37747786.0
37                                 Cayman Islands          27704.0
38                       Central African Republic        1389032.0
39                                           Chad        2127104.0
40                                          Chile       13775014.0
41                                          China     1388868247.0
42                                       Colombia       28491631.0
43                                        Comoros         157002.0
44                            Congo (Brazzaville)        3069055.0
45                               Congo (Kinshasa)       27429409.0
46                                   Cook Islands           5445.0
47                                     Costa Rica         913445.0
48                                        Croatia        2065222.0
49                                           Cuba        7480952.0
50                                        Curaçao         150000.0
51                                         Cyprus         724091.0
52                                        Czechia        6506053.0
53                                  Côte D’Ivoire        8012496.0
54                                        Denmark        1894253.0
55                                       Djibouti         670959.0
56                                       Dominica          16582.0
57                             Dominican Republic        6349737.0
58                                        Ecuador        8895151.0
59                                          Egypt       38873354.0
60                                    El Salvador        2063848.0
61                              Equatorial Guinea         569917.0
62                                        Eritrea        1344590.0
63                                        Estonia         846104.0
64                                       Ethiopia        7156734.0
65              Falkland Islands (Islas Malvinas)           2213.0
66                                  Faroe Islands          17990.0
67                                           Fiji         286476.0
68                                        Finland        4350445.0
69                                         France       38429395.0
70                                  French Guiana         119553.0
71                               French Polynesia         131695.0
72                                          Gabon        1202076.0
73                                    Gambia, The         309494.0
74                                        Georgia        2072042.0
75                                        Germany       58243288.0
76                                          Ghana        6417422.0
77                                      Gibraltar         187083.0
78                                         Greece        4587831.0
79                                      Greenland          46412.0
80                                        Grenada           4315.0
81                                     Guadeloupe         145818.0
82                                           Guam         123462.0
83                                      Guatemala        4362464.0
84                                         Guinea        3037125.0
85                                  Guinea-Bissau         532723.0
86                                         Guyana         315724.0
87                                          Haiti        3181750.0
88                                       Honduras        5324013.0
89                                      Hong Kong        7347000.0
90                                        Hungary        6406810.0
91                                        Iceland         269489.0
92                                          India      270170371.0
93                                      Indonesia       85283563.0
94                                           Iran       48493926.0
95                                           Iraq       18624715.0
96                                        Ireland        1893782.0
97                                    Isle Of Man          25000.0
98                                         Israel        6091260.0
99                                          Italy       16849060.0
100                                       Jamaica        1418101.0
101                                         Japan      148273773.0
102                                        Jersey          33522.0
103                                        Jordan        6057680.0
104                                    Kazakhstan       10798797.0
105                                         Kenya       11135325.0
106                                      Kiribati          33907.0
107                                  Korea, North       10812978.0
108                                  Korea, South       58770399.0
109                                        Kosovo        1964079.0
110                                        Kuwait         900367.0
111                                    Kyrgyzstan        2024060.0
112                                          Laos        1262137.0
113                                        Latvia        1384350.0
114                                       Lebanon        1588587.0
115                                       Lesotho         606980.0
116                                       Liberia        1277948.0
117                                         Libya        4117805.0
118                                 Liechtenstein          46508.0
119                                     Lithuania        1868972.0
120                                    Luxembourg         194462.0
121                                         Macau         568700.0
122                                     Macedonia        1498142.0
123                                    Madagascar        4105156.0
124                                        Malawi        3333893.0
125                                      Malaysia       19509922.0
126                                      Maldives         133019.0
127                                          Mali        3283446.0
128                                         Malta          47579.0
129                              Marshall Islands          25400.0
130                                    Martinique         253995.0
131                                    Mauritania        1694656.0
132                                     Mauritius         498704.0
133                                       Mayotte          32057.0
134                                        Mexico      103464676.8
135               Micronesia, Federated States Of           6227.0
136                                       Moldova        1707469.0
137                                        Monaco          36371.0
138                                      Mongolia        2019578.0
139                                    Montenegro         319993.0
140                                       Morocco       16986585.0
141                                    Mozambique        5498168.0
142                                       Namibia         801778.0
143                                         Nepal        3541383.0
144                                   Netherlands        5804106.0
145                                 New Caledonia          93060.0
146                                   New Zealand        4692723.0
147                                     Nicaragua        2738421.0
148                                         Niger        2303841.0
149                                       Nigeria       54771880.0
150                      Northern Mariana Islands           2500.0
151                                        Norway        2460353.0
152                                          Oman        2229298.0
153                                      Pakistan       56952881.0
154                                         Palau          15770.0
155                                        Panama        1634277.0
156                              Papua New Guinea         853092.0
157                                      Paraguay        3443900.0
158                                          Peru       21273383.0
159                                   Philippines       62547674.0
160                                        Poland       15534260.0
161                                      Portugal        8318471.0
162                                   Puerto Rico        1540117.0
163                                         Qatar        1312947.0
164                                       Reunion         225357.0
165                                       Romania        9285451.0
166                                        Russia      105990872.0
167                                        Rwanda        1545603.0
168 Saint Helena, Ascension, And Tristan Da Cunha               NA
169                         Saint Kitts And Nevis          13220.0
170                                   Saint Lucia          91660.0
171              Saint Vincent And The Grenadines          25418.0
172                                         Samoa          37708.0
173                                    San Marino           4040.0
174                         Sao Tome And Principe          62802.0
175                                  Saudi Arabia       22327128.0
176                                       Senegal        2632879.0
177                                        Serbia        3628632.0
178                                    Seychelles          26450.0
179                                  Sierra Leone        1489035.0
180                                     Singapore        5745000.0
181                                      Slovakia        2906075.0
182                                      Slovenia         710758.5
183                               Solomon Islands          91227.0
184                                       Somalia        2978151.0
185                                  South Africa       15430094.0
186      South Georgia And South Sandwich Islands             99.0
187                                   South Sudan        1408282.0
188                                         Spain       22741191.0
189                                     Sri Lanka        2259322.0
190                                         Sudan       15752339.0
191                                      Suriname         316248.0
192                                     Swaziland         232552.0
193                                        Sweden        4057311.0
194                                   Switzerland        4004627.0
195                                         Syria        9015544.0
196                                        Taiwan       16329799.0
197                                    Tajikistan        1515690.0
198                                      Tanzania       11276325.0
199                                      Thailand       23598357.0
200                                   Timor-Leste         299127.0
201                                          Togo        1218460.0
202                                         Tonga          31962.0
203                           Trinidad And Tobago         277741.0
204                                       Tunisia        3645708.0
205                                        Turkey       70958511.0
206                                  Turkmenistan        2455609.0
207                      Turks And Caicos Islands           5801.0
208                                        Tuvalu           6025.0
209                                        Uganda        3795319.0
210                                       Ukraine       25564289.0
211                          United Arab Emirates        6235798.0
212                                United Kingdom       72555282.0
213                                 United States      400521452.0
214                                       Uruguay        2806470.0
215                                    Uzbekistan        8086374.0
216                                       Vanuatu          65539.0
217                                  Vatican City            825.0
218                                     Venezuela       21621242.0
219                                       Vietnam       37934404.0
220                             Wallis And Futuna               NA
221                                     West Bank               NA
222                                         Yemen        6674466.0
223                                        Zambia        4744736.0
224                                      Zimbabwe        3661602.0

------------------------------------------------------------------
Find countries whose largest city has the highest population
------------------------------------------------------------------
                                     COUNTRY                CITY POPULATION
1                                Afghanistan               Kabul    3678034
2                                    Albania              Tirana     418495
3                                    Algeria             Algiers    3415811
4                             American Samoa           Pago Pago      12576
5                                    Andorra    Andorra la Vella      22151
6                                     Angola              Luanda    8417000
7                        Antigua And Barbuda        Saint John’s      21926
8                                  Argentina        Buenos Aires   16157000
9                                    Armenia             Yerevan    1075800
10                                     Aruba          Oranjestad      34980
11                                 Australia              Sydney    5312163
12                                   Austria              Vienna    1840573
13                                Azerbaijan                Baku    2181800
14                              Bahamas, The              Nassau     274400
15                                   Bahrain              Manama     157474
16                                Bangladesh               Dhaka   15443000
17                                  Barbados          Bridgetown     110000
18                                   Belarus               Minsk    2020600
19                                   Belgium             Antwerp     529247
20                                    Belize         Belize City      57169
21                                     Benin             Cotonou     762000
22                                   Bermuda            Hamilton      52320
23                                    Bhutan             Thimphu     104000
24                                   Bolivia          Santa Cruz    3151676
25                    Bosnia And Herzegovina            Sarajevo     275524
26                                  Botswana            Gaborone     231626
27                                    Brazil           São Paulo   22046000
28                                    Brunei Bandar Seri Begawan      50000
29                                  Bulgaria               Sofia    1355142
30                              Burkina Faso         Ouagadougou    1626950
31                                     Burma             Rangoon    5430000
32                                   Burundi           Bujumbura     658859
33                                Cabo Verde               Praia     127832
34                                  Cambodia          Phnom Penh    2129371
35                                  Cameroon              Douala    2446945
36                                    Canada             Toronto    5429524
37                            Cayman Islands         George Town      27704
38                  Central African Republic              Bangui     734350
39                                      Chad           N’Djamena    1092066
40                                     Chile            Santiago    7007000
41                                     China            Shanghai   22120000
42                                  Colombia              Bogotá    9464000
43                                   Comoros              Moroni     111329
44                       Congo (Brazzaville)         Brazzaville    1827000
45                          Congo (Kinshasa)            Kinshasa   13528000
46                              Cook Islands              Avarua       5445
47                                Costa Rica            San José     288054
48                                   Croatia              Zagreb     790017
49                                      Cuba              Havana    2141652
50                                   Curaçao          Willemstad     150000
51                                    Cyprus             Nicosia     330000
52                                   Czechia              Prague    1324277
53                             Côte D’Ivoire             Abidjan    4980000
54                                   Denmark          Copenhagen    1085000
55                                  Djibouti            Djibouti     562000
56                                  Dominica              Roseau      16582
57                        Dominican Republic       Santo Domingo    2581827
58                                   Ecuador           Guayaquil    2723665
59                                     Egypt               Cairo   19372000
60                               El Salvador        San Salvador     567698
61                         Equatorial Guinea                Bata     250770
62                                   Eritrea              Asmara     963000
63                                   Estonia             Tallinn     434562
64                                  Ethiopia         Addis Ababa    3041002
65         Falkland Islands (Islas Malvinas)             Stanley       2213
66                             Faroe Islands            Tórshavn      13326
67                                      Fiji                Suva      88271
68                                   Finland            Helsinki     642045
69                                    France               Paris   11020000
70                             French Guiana             Cayenne      61550
71                          French Polynesia             Papeete     131695
72                                     Gabon          Libreville     797003
73                               Gambia, The             Brikama     195136
74                                   Georgia             Tbilisi    1118035
75                                   Germany              Berlin    3644826
76                                     Ghana               Accra    2291352
77                                 Gibraltar           Gibraltar     187083
78                                    Greece              Athens     664046
79                                 Greenland                Nuuk      18326
80                                   Grenada      Saint George’s       4315
81                                Guadeloupe      Pointe-à-Pitre     145511
82                                      Guam               Maina     122411
83                                 Guatemala      Guatemala City    2450212
84                                    Guinea             Conakry    1667864
85                             Guinea-Bissau              Bissau     395954
86                                    Guyana          Georgetown     200500
87                                     Haiti      Port-au-Prince     987310
88                                  Honduras         Comayagüela    1250000
89                                 Hong Kong           Hong Kong    7347000
90                                   Hungary            Budapest    1752286
91                                   Iceland           Reykjavík     128793
92                                     India               Delhi   29617000
93                                 Indonesia             Jakarta   34540000
94                                      Iran              Tehran   13633000
95                                      Iraq             Baghdad    5796000
96                                   Ireland              Dublin    1173179
97                               Isle Of Man             Douglas      25000
98                                    Israel           Jerusalem     919438
99                                     Italy                Rome    2872800
100                                  Jamaica            Kingston     580000
101                                    Japan               Tokyo   37977000
102                                   Jersey        Saint Helier      33522
103                                   Jordan               Amman    4007526
104                               Kazakhstan              Almaty    1806833
105                                    Kenya             Nairobi    5545000
106                                 Kiribati              Tarawa      28802
107                             Korea, North           Pyongyang    2863000
108                             Korea, South               Seoul   21794000
109                                   Kosovo            Pristina     204725
110                                   Kuwait         Kuwait City     637411
111                               Kyrgyzstan             Bishkek    1027200
112                                     Laos           Vientiane     760000
113                                   Latvia                Riga     698529
114                                  Lebanon             Tripoli     530000
115                                  Lesotho              Maseru     330790
116                                  Liberia            Monrovia    1021762
117                                    Libya             Tripoli    1126000
118                            Liechtenstein               Vaduz      36281
119                                Lithuania             Vilnius     574147
120                               Luxembourg          Luxembourg     122273
121                                    Macau               Macau     568700
122                                Macedonia              Skopje     640000
123                               Madagascar        Antananarivo    2610000
124                                   Malawi            Blantyre    1895973
125                                 Malaysia        Kuala Lumpur    8285000
126                                 Maldives                Male     133019
127                                     Mali              Bamako    2009109
128                                    Malta          Birkirkara      24356
129                         Marshall Islands              Majuro      25400
130                               Martinique      Fort-de-France     253995
131                               Mauritania          Nouakchott    1077169
132                                Mauritius            Curepipe     299975
133                                  Mayotte           Mamoudzou      32057
134                                   Mexico         Mexico City   20996000
135          Micronesia, Federated States Of             Palikir       6227
136                                  Moldova            Chisinau     685900
137                                   Monaco              Monaco      36371
138                                 Mongolia         Ulaanbaatar    1396288
139                               Montenegro           Podgorica     174515
140                                  Morocco          Casablanca    4370000
141                               Mozambique              Maputo    1191613
142                                  Namibia            Windhoek     322500
143                                    Nepal           Kathmandu     975453
144                              Netherlands           The Hague    1406000
145                            New Caledonia              Nouméa      93060
146                              New Zealand            Auckland    1467800
147                                Nicaragua             Managua    1028808
148                                    Niger              Niamey    1026848
149                                  Nigeria               Lagos   15279000
150                 Northern Mariana Islands        Capitol Hill       2500
151                                   Norway                Oslo     693494
152                                     Oman              Muscat    1421409
153                                 Pakistan             Karachi   14835000
154                                    Palau               Koror       8744
155                                   Panama         Panama City     880691
156                         Papua New Guinea        Port Moresby     364125
157                                 Paraguay            Asunción    1870000
158                                     Peru                Lima    9848000
159                              Philippines              Manila   23088000
160                                   Poland              Warsaw    1790658
161                                 Portugal              Lisbon     506654
162                              Puerto Rico            San Juan     331165
163                                    Qatar                Doha    1312947
164                                  Reunion         Saint-Denis     190047
165                                  Romania           Bucharest    1883425
166                                   Russia              Moscow   17125000
167                                   Rwanda              Kigali     745261
168                    Saint Kitts And Nevis          Basseterre      13220
169                              Saint Lucia            Castries      70000
170         Saint Vincent And The Grenadines           Kingstown      25418
171                                    Samoa                Apia      37708
172                               San Marino          San Marino       4040
173                    Sao Tome And Principe            São Tomé      56166
174                             Saudi Arabia              Riyadh    6881000
175                                  Senegal               Dakar    1146053
176                                   Serbia            Belgrade    1378682
177                               Seychelles            Victoria      26450
178                             Sierra Leone            Freetown     951000
179                                Singapore           Singapore    5745000
180                                 Slovakia          Bratislava     429564
181                                 Slovenia           Ljubljana     284355
182                          Solomon Islands             Honiara      84520
183                                  Somalia           Mogadishu    2120000
184                             South Africa        Johannesburg    4434827
185 South Georgia And South Sandwich Islands           Grytviken         99
186                              South Sudan                Juba     372410
187                                    Spain           Barcelona    4588000
188                                Sri Lanka             Colombo     752993
189                                    Sudan            Khartoum    7282000
190                                 Suriname          Paramaribo     223757
191                                Swaziland             Manzini     110508
192                                   Sweden           Stockholm     972647
193                              Switzerland              Zürich     434008
194                                    Syria              Aleppo    1834093
195                                   Taiwan            Taichung    2803894
196                               Tajikistan            Dushanbe     780000
197                                 Tanzania       Dar es Salaam    6698000
198                                 Thailand             Bangkok   17066000
199                              Timor-Leste                Dili     222323
200                                     Togo                Lomé     837437
201                                    Tonga          Nuku‘alofa      24571
202                      Trinidad And Tobago           Chaguanas      83489
203                                  Tunisia               Tunis    1200000
204                                   Turkey            Istanbul   15154000
205                             Turkmenistan            Ashgabat    1031992
206                 Turks And Caicos Islands          Grand Turk       5801
207                                   Tuvalu            Funafuti       6025
208                                   Uganda             Kampala    1659600
209                                  Ukraine                Kyiv    2967000
210                     United Arab Emirates               Dubai    2502715
211                           United Kingdom              London   10979000
212                            United States            New York   18713220
213                                  Uruguay          Montevideo    1319108
214                               Uzbekistan            Tashkent    2424100
215                                  Vanuatu           Port-Vila      51437
216                             Vatican City        Vatican City        825
217                                Venezuela             Caracas    1943901
218                                  Vietnam    Ho Chi Minh City   13312000
219                                    Yemen               Sanaa    2957000
220                                   Zambia              Lusaka    1742979
221                                 Zimbabwe              Harare    1606000

--------------------------------------------------
Find the northernmost city
--------------------------------------------------
    COUNTRY CITY     LAT   LNG
1 Greenland Nord 81.7166 -17.8

--------------------------------------------------
Find the southernmost city
--------------------------------------------------
  COUNTRY            CITY      LAT      LNG
1   Chile Puerto Williams -54.9341 -67.6109

--------------------------------------------------
Find the easternmost city
--------------------------------------------------
  COUNTRY   CITY      LAT      LNG
1    Fiji Labasa -16.4333 179.3667

--------------------------------------------------
Find the westernmost city
--------------------------------------------------
  COUNTRY     CITY     LAT     LNG
1  Russia Zvëzdnyy 70.9566 -179.59

--------------------------------------------------
Count cities north/south of the equator
--------------------------------------------------
  NORTH_EQUATOR_COUNT SOUTH_EQUATOR_COUNT
1               23797                2772

--------------------------------------------------
Find cities closest to the equator
--------------------------------------------------
               COUNTRY         CITY     LAT      LNG
1               Uganda        Ntara  0.0044  30.3658
2  Congo (Brazzaville)       Makoua -0.0047  15.6228
3              Ecuador La Concordia  0.0069 -79.3958
4                Kenya      Nanyuki  0.0167  37.0667
5            Indonesia    Pontianak -0.0206 109.3414
6               Brazil       Macapá  0.0330 -51.0653
7              Ecuador      Cayambe  0.0439 -78.1561
8     Congo (Kinshasa)     Mbandaka  0.0486  18.2603
9                Kenya         Meru  0.0500  37.6500
10              Uganda      Entebbe  0.0500  32.4600

--------------------------------------------------
Count total records
--------------------------------------------------
  RECORD_COUNT
1          160

--------------------------------------------------
Count unique cities
--------------------------------------------------
  UNIQUE_CITIES_COUNT
1                   4

--------------------------------------------------
Count unique weather conditions
--------------------------------------------------
  UNIQUE_WATHER_CONDITION_COUNT
1                             3

--------------------------------------------------
Find the earliest and latest forecast datetime
--------------------------------------------------
           FIRST_DATE           LAST_DATE
1 2026-09-14 18:00:00 2026-09-19 15:00:00

--------------------------------------------------
Find the warmest city
--------------------------------------------------
  WARMEST_CITY            DATETIME  TEMP
1        Paris 2026-09-15 15:00:00 33.83

--------------------------------------------------
Find the coolest city
--------------------------------------------------
  COOLEST_CITY            DATETIME  TEMP
1        Paris 2026-09-16 06:00:00 10.02

--------------------------------------------------
Find city with largest temperature amplitude
--------------------------------------------------
              CITY AMPLITUDE
1 Washington, D.C.      3.09

--------------------------------------------------
Find the highest and lowest temperature
--------------------------------------------------
  MAXIMUM_TEMPERATURE MINIMUM_TEMPERATURE
1               33.83               10.02

--------------------------------------------------
Calculate average temperature by city
--------------------------------------------------
              CITY AVERAGE_TEMEPRATURE
1            Paris            19.54675
2            Seoul            22.70875
3           Suzhou            23.68350
4 Washington, D.C.            16.61850

--------------------------------------------------
Find the most humid cities
--------------------------------------------------
  MOST_HUMID_CITIES AVERAGE_HUMIDITY
1            Suzhou           71.100
2  Washington, D.C.           56.100
3             Paris           51.950
4             Seoul           44.525

--------------------------------------------------
Find the least humid cities
--------------------------------------------------
  LEAST_HUMID_CITIES AVERAGE_HUMIDITY
1              Seoul           44.525
2              Paris           51.950
3   Washington, D.C.           56.100
4             Suzhou           71.100

--------------------------------------------------
Find cities with the highest wind speeds
--------------------------------------------------
              CITY AVERAGE_WIND_SPEED
1            Paris            2.60825
2           Suzhou            2.30875
3            Seoul            1.91125
4 Washington, D.C.            1.78050

-----------------------------------------------------------------
Calculate average pressure, humidity and wind speed by city
-----------------------------------------------------------------
              CITY AVERAGE_PRESSURE AVERAGE_HUMIDITY AVERAGE_WIND_SPEED
1            Paris         1018.650           51.950            2.60825
2            Seoul         1019.675           44.525            1.91125
3           Suzhou         1017.325           71.100            2.30875
4 Washington, D.C.         1017.000           56.100            1.78050

--------------------------------------------------
Count each unique weather condition
--------------------------------------------------
  UNIQUE_WEATHER_CONDITIONS
1                         3

--------------------------------------------------
Count weather conditions by city
--------------------------------------------------
              CITY WEATHER_CONDITIONS_COUNT
1            Paris                       40
2            Seoul                       40
3           Suzhou                       40
4 Washington, D.C.                       40

--------------------------------------------------
Count weather conditions by season
--------------------------------------------------
  SEASON WEATHER_CONDITIONS_COUNT
1 Winter                      160

----------------------------------------------------------
Find the most common weather condition for each city
----------------------------------------------------------
              CITY WEATHER WEATHER_CONDITION_COUNT
1            Paris  Clouds                      34
2           Suzhou  Clouds                      31
3 Washington, D.C.   Clear                      26
4            Seoul  Clouds                      22

--------------------------------------------------------------------
Query the the weather forecast for Seoul over the next 3 hours
--------------------------------------------------------------------
   CITY WEATHER VISIBILITY  TEMP TEMP_MIN TEMP_MAX PRESSURE HUMIDITY WIND_SPEED
1 Seoul   Clear      10000 16.09    16.09    16.74     1017       72       1.16
  WIND_DEG FORECAST_DATETIME SEASON
1      353        1789408800 Winter

----------------------------------------------------------------------
Determine how many records are in the seoul_bike_sharing dataset
----------------------------------------------------------------------
  RECORD_COUNT
1         8465

--------------------------------------------------
Count unique dates
--------------------------------------------------
  UNIQUE_DATE_COUNT
1               353

-------------------------------------------------------------
Determine how many hours had non-zero rented bike count
-------------------------------------------------------------
  OPERATIONAL_HOURS
1              8465

-----------------------------------------------------------------------
Find which seasons are included in the seoul bike sharing dataset
-----------------------------------------------------------------------
  SEASONS
1  Winter
2  Spring
3  Summer
4  Autumn

--------------------------------------------------
Count observations per season
--------------------------------------------------
  SEASONS COUNT(*)
1  Autumn     1937
2  Spring     2160
3  Summer     2208
4  Winter     2160

------------------------------------------------------------------------
Calculate average, median, maximum, and minimum rentals per season
------------------------------------------------------------------------
  SEASONS AVERAGE_RENTALS MEDIAN_RENTALS MAXIMUM_RENTALS MINIMUM_RENTALS
1  Autumn        924.1105          856.0            3298               2
2  Spring        746.2542          599.0            3251               2
3  Summer       1034.0734          905.5            3556               9
4  Winter        225.5412          203.0             937               3

------------------------------------------------------------------------
Find the first and last dates in the Seoul Bike Sharing dataset
------------------------------------------------------------------------
  FIRST_DATE  LAST_DATE
1 2017-12-01 2018-11-30

--------------------------------------------------
Find the average rented bike count
--------------------------------------------------
  AVERAGE_RENTED_BIKE_COUNT
1                   729.157

--------------------------------------------------
Find the minimum and maximum rental count
--------------------------------------------------
  MINIMUM_RENTAL_COUNT MAXIMUM_RENTAL_COUNT
1                    2                 3556

-------------------------------------------------------------
Determine which date and hour had the most bike rentals
-------------------------------------------------------------
        DATE HOUR MAX_RENTED_BIKE_COUNT
1 19/06/2018   18                  3556

--------------------------------------------------------------
Determine which date and hour had the least bike rentals
--------------------------------------------------------------
        DATE HOUR MIN_RENTED_BIKE_COUNT
1 05/03/2018    3                     2
2 23/04/2018    4                     2
3 06/10/2018   10                     2

----------------------------------------------------------------------
Calculate average, median and maximum bike rentals for each hour
----------------------------------------------------------------------
   HOUR AVERAGE_BIKE_RENTALS MEDIAN_BIKE_RENTALS MAX_BIKE_COUNT
1     0             561.4574               531.5           1394
2     1             441.9233               411.5           1088
3     2             312.7699               277.0           1254
4     3             210.8409               183.5            644
5     4             137.4886               123.5            421
6     5             144.2188               136.5            383
7     6             298.1847               245.0            807
8     7             626.6062               443.0           1629
9     8            1050.2295               767.0           2495
10    9             667.9433               719.0           1401
11   10             545.7649               583.0           1269
12   11             621.2776               644.0           1478
13   12             723.2181               721.0           1798
14   13             758.1728               741.0           2000
15   14             784.6204               761.0           2128
16   15             857.3739               820.0           2329
17   16             962.2578               935.0           2479
18   17            1177.2125              1233.0           2664
19   18            1554.0170              1624.0           3556
20   19            1235.7762              1280.0           2984
21   20            1105.3031              1133.0           2579
22   21            1066.5127              1146.0           2505
23   22             954.1671              1003.0           2309
24   23             693.9405               677.0           1732

---------------------------------------------------------
Find the five busiest hours based on average demand
---------------------------------------------------------
  HOUR AVERAGE_DEMAND
1   18       1554.017
2   19       1235.776
3   17       1177.212
4   20       1105.303
5   21       1066.513

--------------------------------------------------
Find the five quietest hours
--------------------------------------------------
  HOUR AVERAGE_DEMAND
1    4       137.4886
2    5       144.2188
3    3       210.8409
4    6       298.1847
5    2       312.7699

---------------------------------------------------------
Compare total rentals between daytime and nighttime
---------------------------------------------------------
  TOTAL_DAYTIME_RENTALS TOTAL_NIGHTTIME_RENTALS
1               3202422                 2969892

--------------------------------------------------
Find the hour with the highest average demand
--------------------------------------------------
  HIGHEST_AVERAGE_DEMAND
1               1554.017

--------------------------------------------------
Calculate average and total rentals by month
--------------------------------------------------
   MONTH AVG_RENTALS TOTAL_RENTALS
1     01    201.6210        150006
2     02    225.9420        151833
3     03    511.5511        380594
4     04    753.1997        524227
5     05    982.0667        707088
6     06   1245.6764        896887
7     07    987.1774        734460
8     08    876.1922        651887
9     09   1079.5064        673612
10    10    978.4586        650675
11    11    718.6960        465715
12    12    249.0995        185330

--------------------------------------------------
Find the busiest month
--------------------------------------------------
  MONTH TOTAL_RENTALS
1    06        896887

--------------------------------------------------
Find the quietest month
--------------------------------------------------
  MONTH TOTAL_RENTALS
1    01        150006

--------------------------------------------------
Calculate average rentals by year/month
--------------------------------------------------
   YEAR MONTH AVERAGE_RENTED_BIKE_COUNT
1  2017    12                  249.0995
2  2018    01                  201.6210
3  2018    02                  225.9420
4  2018    03                  511.5511
5  2018    04                  753.1997
6  2018    05                  982.0667
7  2018    06                 1245.6764
8  2018    07                  987.1774
9  2018    08                  876.1922
10 2018    09                 1079.5064
11 2018    10                  978.4586
12 2018    11                  718.6960

--------------------------------------------------
Find the busiest and quietest individual date
--------------------------------------------------
        DATE RENTED_BIKE_COUNT
1 05/03/2018                 2
2 06/10/2018                 2
3 23/04/2018                 2
4 19/06/2018              3556

---------------------------------------------------------------------------------------------------------------
Determine the average hourly temperature and the average number of bike rentals per hour over each season
---------------------------------------------------------------------------------------------------------------
 List the top ten results by average bike count
---------------------------------------------------------------------------------------------------------------
   SEASONS HOUR AVG_TEMPERATURE AVG_RENTED_BIKE_COUNT
1   Summer   18        29.38804              2135.141
2   Autumn   18        16.03185              1983.333
3   Summer   19        28.27391              1889.250
4   Summer   20        27.06630              1801.924
5   Summer   21        26.27826              1754.065
6   Spring   18        15.97222              1689.311
7   Summer   22        25.69891              1567.870
8   Autumn   17        17.27778              1562.877
9   Summer   17        30.07717              1526.293
10  Autumn   19        15.06346              1515.568

---------------------------------------------------------------------------------------------------------------------------------------------------------------
Find the average hourly bike count during each season. Also include the minimum, maximum, and standard deviation of the hourly bike count for each season
---------------------------------------------------------------------------------------------------------------------------------------------------------------
   SEASONS HOUR AVG_RENTED_BIKE_COUNT MIN_RENTED_BIKE_COUNT
1   Autumn    0             709.43750                   119
2   Autumn    1             552.50000                   144
3   Autumn    2             377.47500                    55
4   Autumn    3             256.55000                    28
5   Autumn    4             169.02500                    24
6   Autumn    5             163.41250                    24
7   Autumn    6             359.48750                    23
8   Autumn    7             788.87654                     5
9   Autumn    8            1345.03704                     6
10  Autumn    9             848.43210                     5
11  Autumn   10             715.27160                     2
12  Autumn   11             802.95062                    20
13  Autumn   12             934.64198                    17
14  Autumn   13            1002.66667                    18
15  Autumn   14            1058.82716                    17
16  Autumn   15            1156.70370                     8
17  Autumn   16            1293.20988                    14
18  Autumn   17            1562.87654                    23
19  Autumn   18            1983.33333                    40
20  Autumn   19            1515.56790                    19
21  Autumn   20            1321.70370                    12
22  Autumn   21            1253.81481                    21
23  Autumn   22            1130.20988                    14
24  Autumn   23             828.72840                     4
25  Spring    0             481.08889                    22
26  Spring    1             363.94444                    23
27  Spring    2             252.96667                     9
28  Spring    3             168.47778                     2
29  Spring    4             108.22222                     2
30  Spring    5             116.17778                     6
31  Spring    6             257.23333                     5
32  Spring    7             615.28889                    15
33  Spring    8            1036.37778                    16
34  Spring    9             670.38889                     9
35  Spring   10             570.88889                     6
36  Spring   11             681.46667                    10
37  Spring   12             836.37778                    10
38  Spring   13             886.08889                    11
39  Spring   14             925.66667                    17
40  Spring   15             990.97778                    14
41  Spring   16            1101.45556                    31
42  Spring   17            1307.97778                    24
43  Spring   18            1689.31111                    22
44  Spring   19            1247.71111                    29
45  Spring   20            1060.51111                    12
46  Spring   21            1021.12222                     7
47  Spring   22             897.42222                     8
48  Spring   23             622.95556                     9
49  Summer    0             899.06522                    26
50  Summer    1             698.77174                    28
51  Summer    2             505.75000                    17
52  Summer    3             342.67391                    22
53  Summer    4             223.81522                    27
54  Summer    5             245.93478                    28
55  Summer    6             485.83696                    37
56  Summer    7             902.78261                    25
57  Summer    8            1418.59783                    20
58  Summer    9             911.00000                     9
59  Summer   10             723.50000                     9
60  Summer   11             786.85870                    11
61  Summer   12             875.96739                     9
62  Summer   13             890.19565                    24
63  Summer   14             894.67391                    14
64  Summer   15            1009.71739                    51
65  Summer   16            1174.17391                    41
66  Summer   17            1526.29348                    25
67  Summer   18            2135.14130                    17
68  Summer   19            1889.25000                    18
69  Summer   20            1801.92391                    10
70  Summer   21            1754.06522                    17
71  Summer   22            1567.86957                    16
72  Summer   23            1153.90217                    15
73  Winter    0             165.17778                    42
74  Winter    1             159.05556                    43
75  Winter    2             117.78889                    38
76  Winter    3              77.81111                    21
77  Winter    4              50.47778                    20
78  Winter    5              51.22222                    13
79  Winter    6              92.82222                     9
80  Winter    7             209.56667                     3
81  Winter    8             422.20000                     4
82  Winter    9             254.60000                     3
83  Winter   10             186.40000                     4
84  Winter   11             228.32222                     9
85  Winter   12             263.63333                     4
86  Winter   13             275.25556                     7
87  Winter   14             284.28889                    17
88  Winter   15             298.64444                     7
89  Winter   16             308.57778                     9
90  Winter   17             342.51111                     8
91  Winter   18             438.30000                    11
92  Winter   19             304.03333                    19
93  Winter   20             243.23333                     8
94  Winter   21             240.50000                    10
95  Winter   22             225.13333                    13
96  Winter   23             173.43333                    23
   MAX_RENTED_BIKE_COUNT STD_RENTED_BIKE_COUNT
1                   1336             219.14298
2                   1001             191.54216
3                    785             144.90134
4                    514             102.53108
5                    338              58.63957
6                    264              53.88174
7                    691             180.27049
8                   1556             457.96861
9                   2391             758.35956
10                  1322             334.52653
11                  1113             252.56839
12                  1284             302.57238
13                  1634             347.69066
14                  1849             369.30997
15                  1995             403.85277
16                  2200             455.21810
17                  2270             498.10638
18                  2432             554.31649
19                  3298             778.44135
20                  2518             571.14972
21                  2259             508.99136
22                  2212             490.92858
23                  1868             411.96934
24                  1523             292.97832
25                  1089             253.38673
26                   837             206.04322
27                   590             145.32266
28                   423             101.20444
29                   252              59.64577
30                   265              64.93117
31                   646             171.97416
32                  1502             433.10666
33                  2281             700.59774
34                  1277             341.92932
35                  1119             271.26811
36                  1438             318.21688
37                  1798             398.16257
38                  2000             426.05291
39                  2128             456.82396
40                  2329             534.98910
41                  2479             579.07509
42                  2410             666.95940
43                  3251             898.89711
44                  2656             738.11564
45                  2252             646.16839
46                  2140             601.26919
47                  1900             516.68221
48                  1343             358.76182
49                  1394             285.31199
50                  1088             239.68091
51                  1254             194.63827
52                   644             127.53355
53                   421              79.24027
54                   383              79.82056
55                   807             209.10359
56                  1629             466.21836
57                  2495             712.95259
58                  1401             304.09660
59                  1269             242.33674
60                  1478             270.05521
61                  1747             342.11203
62                  1834             367.56328
63                  2088             408.23329
64                  2288             433.48370
65                  2474             503.91596
66                  2664             608.79167
67                  3556             884.08294
68                  2984             728.87994
69                  2579             662.21626
70                  2505             596.13742
71                  2309             516.64344
72                  1732             377.80666
73                   342              63.81163
74                   337              65.84247
75                   312              54.94533
76                   230              37.68256
77                   120              19.05561
78                   100              18.98759
79                   200              45.48372
80                   498             125.47121
81                   937             253.13778
82                   509             111.70276
83                   339              67.98150
84                   388              78.23964
85                   479              88.68163
86                   606              98.32616
87                   611             105.02394
88                   621             117.54473
89                   688             126.50569
90                   646             131.99514
91                   929             216.66413
92                   619             140.32070
93                   483              96.22694
94                   512              98.08061
95                   461              91.87687
96                   366              67.49684

--------------------------------------------------------------------------------------------------------------------------------------------------------
On average, what were the TEMPERATURE, HUMIDITY, WIND_SPEED, VISIBILITY, DEW_POINT_TEMPERATURE, SOLAR_RADIATION, RAINFALL, and SNOWFALL per season
--------------------------------------------------------------------------------------------------------------------------------------------------------
  SEASONS AVG_TEMPERATURE AVG_HUMIDITY AVG_WIND_SPEED AVG_VISIBILITY
1  Summer       26.587772     64.98143       1.609420       1501.745
2  Autumn       13.821580     59.04491       1.492101       1558.174
3  Spring       13.021685     58.75833       1.857778       1240.912
4  Winter       -2.540463     49.74491       1.922685       1445.987
  AVG_DEW_POINT_TEMPERATURE AVG_SOLAR_RADIATION AVG_RAINFALL AVG_SNOWFALL
1                 18.750136           0.7612545   0.25348732   0.00000000
2                  5.150594           0.5227827   0.11765617   0.06350026
3                  4.091389           0.6803009   0.18694444   0.00000000
4                -12.416667           0.2981806   0.03282407   0.24750000
  AVG_RENTED_BIKE_COUNT
1             1034.0734
2              924.1105
3              746.2542
4              225.5412

--------------------------------------------------------------------
Find the busiest hour and the quietest hour within each season
--------------------------------------------------------------------
  SEASONS HOUR RENTED_BIKE_COUNT
1  Autumn   10                 2
2  Spring    3                 2
3  Spring    4                 2
4  Summer   18              3556

--------------------------------------------------
Count holidays vs non-holidays
--------------------------------------------------
  HOLIDAY_COUNT NO_HOLIDAY_COUNT
1           408             8057

------------------------------------------------------------
Calculate average rentals on holidays and non-holidays
------------------------------------------------------------
  AVERAGE_HOLIDAY_RENTALS AVERAGE_NON_HOLIDAY_RENTALS
1                529.1544                     739.285

--------------------------------------------------
Find the maximum rental count on holidays
--------------------------------------------------
  MAXIMUM_RENTAL_COUNT
1                 2400

--------------------------------------------------------
Find the busiest hour on holidays and non-holidays
--------------------------------------------------------
  HOUR RENTED_BIKE_COUNT
1   17              2400
2   18              3556

-----------------------------------------------------------------------
Compare average rental demand between temperature ranges
-----------------------------------------------------------------------
Find the highest rental count under different temperature ranges
-----------------------------------------------------------------------
  TEMP_GROUP RECORDS AVERAGE_RENTAL_DEMAND MAXIMUM_RENTAL_DEMAND
1    20–30°C    2340             1148.1269                  3556
2      30°C+     524             1112.2481                  3238
3    10–20°C    2050              837.1561                  2857
4     0–10°C    2118              426.3399                  2202
5      < 0°C    1433              197.9909                  1671

-----------------------------------------------------------------------
Compare average rental demand between rainfall ranges
-----------------------------------------------------------------------
Find the highest rental count under different rainfall ranges
-----------------------------------------------------------------------
  RAIN_GROUP RECORDS AVERAGE_RENTAL_DEMAND MAXIMUM_RENTAL_DEMAND
1    No rain    7949             765.63203                  3556
2    >0–1 mm     274             224.00365                  2598
3    >1–5 mm     178             113.69663                  1208
4      >5 mm      64              73.28125                   858

-----------------------------------------------------------------------
Compare average rental demand between snowfall ranges
-----------------------------------------------------------------------
Find the highest rental count under different snowfall ranges
-----------------------------------------------------------------------
  SNOW_GROUP RECORDS AVERAGE_RENTAL_DEMAND MAXIMUM_RENTAL_DEMAND
1    No snow    8022              759.2014                  3556
2       >1–3     134              199.3358                   846
3       >0–1     255              186.5686                  1524
4         >3      54              142.8519                   436

-----------------------------------------------------------------------
Compare average rental demand between humidity ranges
-----------------------------------------------------------------------
Find the highest rental count under different humidity ranges
-----------------------------------------------------------------------
  HUMIDITY_GROUP RECORDS AVERAGE_RENTAL_DEMAND MAXIMUM_RENTAL_DEMAND
1         30–49%    2488              840.3722                  3418
2         50–69%    2708              830.3139                  3556
3          < 30%     630              719.0175                  3365
4         70–89%    2033              622.1230                  3016
5           90%+     606              190.1337                  2059

--------------------------------------------------
Count observations with and without rain
--------------------------------------------------
  RECORD_COUNT_WITHOUT_RAIN RECORD_COUNT_WITH_RAIN
1                      7949                    516

--------------------------------------------------
Compare average rentals with and without rain
--------------------------------------------------
  AVERAGE_RENTAL_DEMAND_WITHOUT_RAIN AVERAGE_RENTAL_DEMAND_WITH_RAIN
1                            765.632                        167.2578

--------------------------------------------------
Compare maximum rentals with and without rain
--------------------------------------------------
  MAXIMUM_RENTAL_DEMAND_WITHOUT_RAIN MAXIMUM_RENTAL_DEMAND_WITH_RAIN
1                               3556                            2598

--------------------------------------------------
Count observations with and without snow
--------------------------------------------------
  RECORD_COUNT_WITHOUT_SNOW RECORD_COUNT_WITH_SNOW
1                      8022                    443

--------------------------------------------------
Compare average rentals with and without snow
--------------------------------------------------
  AVERAGE_RENTAL_DEMAND_WITHOUT_SNOW AVERAGE_RENTAL_DEMAND_WITH_SNOW
1                           759.2014                        185.1016

--------------------------------------------------
Compare maximum rentals with and without snow
--------------------------------------------------
  MAXIMUM_RENTAL_DEMAND_WITHOUT_SNOW MAXIMUM_RENTAL_DEMAND_WITH_SNOW
1                               3556                            1524

--------------------------------------------------
Compare snowfall effects by season
--------------------------------------------------
   SEASONS SNOWFALL_CATEGORY RECORDS AVERAGE_RENTAL_DEMAND
1   Autumn           No snow    1886             938.31654
2   Autumn        Light snow      18             530.05556
3   Autumn     Moderate snow      18             370.72222
4   Autumn        Heavy snow      15             274.86667
5   Spring           No snow    2160             746.25417
6   Summer           No snow    2208            1034.07337
7   Winter           No snow    1768             240.67081
8   Winter     Moderate snow     116             172.74138
9   Winter        Light snow     237             160.48101
10  Winter        Heavy snow      39              92.07692
   MAXIMUM_RENTAL_DEMAND
1                   3298
2                   1524
3                    846
4                    436
5                   3251
6                   3556
7                    937
8                    466
9                    802
10                   391

----------------------------------------------------
Count the total number of bike-sharing records
----------------------------------------------------
  RECORD_COUNT
1          480

--------------------------------------------------
Count the number of unique countries
--------------------------------------------------
  UNIQUE_COUNTRIES_COUNT
1                     57

--------------------------------------------------
Count the number of unique cities
--------------------------------------------------
  UNIQUE_CITIES_COUNT
1                 434

-----------------------------------------------------
Count the number of unique bike-sharing systems
-----------------------------------------------------
  UNIQUE_SYSTEMS_COUNT
1                   87

--------------------------------------------------
Count missing BICYCLES
--------------------------------------------------
  MISSING_BICYCLES_COUNT
1                     76

--------------------------------------------------
Count records with BICYCLES = 0
--------------------------------------------------
  ZERO_BICYCLES_COUNT
1                   0

----------------------------------------------------
Check for duplicate CITY + SYSTEM combinations
----------------------------------------------------
               CITY                      SYSTEM DUPLICATE_COUNT
1            Berlin 3 & 4 Gen. Call a Bike flex               2
2            Berlin                      4 Gen.               4
3        Bratislava                        <NA>               2
4        Düsseldorf                      4 Gen.               2
5 Frankfurt am Main                      4 Gen.               2
6             Padua                        <NA>               2
7  Taizhou, Jiangsu                        <NA>               2
8          Tübingen             3 Gen. nextbike               2
9            Warsaw             3 Gen. nextbike               2

----------------------------------------------------------------------
Find the minimum, maximum, average and median number of bicycles
----------------------------------------------------------------------
  MIN_BICYCLES_COUNT MAX_BICYCLES_COUNT AVG_BICYCLES_COUNT
1                  5              78000           2012.205
  MEDIAN_BICYCLES_COUNT
1                   343

----------------------------------------------------------
Find the 10 largest bike-sharing systems by BICYCLES
----------------------------------------------------------
             SYSTEM BICYCLES_COUNT
1              <NA>            113
2   3 Gen. nextbike             50
3     3 Gen. Smoove             26
4  3 Gen. Cyclocity             25
5    3 Gen. B-Cycle             23
6            4 Gen.             21
7   3 Gen. Clear CC             12
8            3 Gen.             10
9         PBSC & 8D              9
10        PubliBike              8

--------------------------------------------------
Find the 10 smallest systems by BICYCLES
--------------------------------------------------
                    SYSTEM BICYCLES_COUNT
1       1 Gen. w/ BikeCard              0
2            3 Call a Bike              0
3  4 Gen. Call a Bike flex              0
4                   Mobike              0
5              Public Velo              0
6             Yellow Bikes              0
7                   YoBike              0
8                  Zagster              0
9          Zero Generation              0
10                  0 Gen.              1

--------------------------------------------------
Find the total number of bicycles by country
--------------------------------------------------
          COUNTRY TOTAL_BICYCLES
1         Albania            200
2       Argentina           4600
3       Australia           7776
4         Austria           4370
5      Bangladesh            300
6         Belgium           7915
7          Brazil           2300
8        Bulgaria            120
9          Canada          15365
10          Chile             NA
11          China         469941
12       Colombia           1400
13        Croatia            100
14         Cyprus            805
15        Czechia           2555
16        Denmark           3588
17        Ecuador            425
18       Emirates             75
19        Finland           3510
20         France          49552
21        Georgia            370
22        Germany          22643
23         Greece           1256
24        Hungary           1931
25          India            150
26      Indonesia            350
27           Iran           5950
28        Ireland           1690
29         Israel           2000
30          Italy          17998
31          Japan            430
32     Kazakhstan           3180
33         Latvia             NA
34      Lithuania            300
35     Luxembourg            680
36       Malaysia            250
37         Mexico           6742
38    Netherlands          22250
39         Norway            550
40         Poland          13177
41       Portugal           2200
42        Romania            400
43         Russia           5265
44         Serbia             70
45       Slovakia           1150
46       Slovenia            255
47   South Africa             30
48    South Korea          22348
49          Spain          14656
50         Sweden           2750
51    Switzerland           1143
52         Taiwan          19567
53       Thailand            625
54         Turkey             NA
55        Ukraine            240
56 United Kingdom          17430
57  United States          48008

--------------------------------------------------
Find the average fleet size by country
--------------------------------------------------
          COUNTRY AVERAGE_FLEET_SIZE
1         Albania           200.0000
2       Argentina          1150.0000
3       Australia          1296.0000
4         Austria          1092.5000
5      Bangladesh           300.0000
6         Belgium          2638.3333
7          Brazil           328.5714
8        Bulgaria           120.0000
9          Canada          3073.0000
10          Chile                 NA
11          China          8102.4310
12       Colombia          1400.0000
13        Croatia           100.0000
14         Cyprus           201.2500
15        Czechia           196.5385
16        Denmark           717.6000
17        Ecuador           425.0000
18       Emirates            75.0000
19        Finland          1755.0000
20         France          1376.4444
21        Georgia           370.0000
22        Germany           539.1190
23         Greece            62.8000
24        Hungary           386.2000
25          India           150.0000
26      Indonesia           350.0000
27           Iran          2975.0000
28        Ireland           422.5000
29         Israel          2000.0000
30          Italy          1199.8667
31          Japan           215.0000
32     Kazakhstan          1060.0000
33         Latvia                 NA
34      Lithuania           300.0000
35     Luxembourg           680.0000
36       Malaysia           250.0000
37         Mexico          3371.0000
38    Netherlands          7416.6667
39         Norway           183.3333
40         Poland           823.5625
41       Portugal           314.2857
42        Romania           400.0000
43         Russia          1316.2500
44         Serbia            70.0000
45       Slovakia           115.0000
46       Slovenia           127.5000
47   South Africa            30.0000
48    South Korea         11174.0000
49          Spain          1127.3846
50         Sweden           687.5000
51    Switzerland           127.0000
52         Taiwan          6522.3333
53       Thailand           312.5000
54         Turkey                 NA
55        Ukraine           120.0000
56 United Kingdom          1452.5000
57  United States           905.8113

--------------------------------------------------------------
Find top 10 countries with the most bike-sharing systems
--------------------------------------------------------------
          COUNTRY BIKE_SHARING_SYSTEMS_COUNT
1         Germany                         59
2   United States                         55
3          France                         36
4          Greece                         22
5  United Kingdom                         15
6          Poland                         15
7         Czechia                         14
8     Switzerland                          9
9           Spain                          8
10         Brazil                          8

---------------------------------------------------------------
Find top 10 countries with the largest average fleet size
---------------------------------------------------------------
       COUNTRY AVERAGE_FLEET_SIZE
1  South Korea          11174.000
2        China           8102.431
3  Netherlands           7416.667
4       Taiwan           6522.333
5       Mexico           3371.000
6       Canada           3073.000
7         Iran           2975.000
8      Belgium           2638.333
9       Israel           2000.000
10     Finland           1755.000

--------------------------------------------------------------
Find cities that have multiple bike-sharing systems
--------------------------------------------------------------
                   CITY BIKE_SHARING_SYSTEM_COUNT
1         Aschaffenburg                         2
2               Bangkok                         3
3                Berlin                         9
4            Copenhagen                         2
5            Düsseldorf                         4
6     Frankfurt am Main                         4
7  Freiburg im Breisgau                         2
8               Hamburg                         2
9              Helsinki                         2
10          La Rochelle                         2
11            Melbourne                         2
12                Milan                         4
13               Munich                         2
14            Nuremberg                         3
15              Ostrava                         2
16              Sandnes                         2
17               Sydney                         3
18            Trondheim                         2
19             Tübingen                         2
20               Vienna                         2
21               Warsaw                         2

--------------------------------------------------------------
Find the total bicycle fleet for those cities
--------------------------------------------------------------
                   CITY BIKE_SHARING_SYSTEM_COUNT TOTAL_BICYCLE_FLEET
1         Aschaffenburg                         2                  NA
2               Bangkok                         3                 625
3                Berlin                         9                5712
4            Copenhagen                         2                2660
5            Düsseldorf                         4                2600
6     Frankfurt am Main                         4                 900
7  Freiburg im Breisgau                         2                  NA
8               Hamburg                         2                2700
9              Helsinki                         2                3450
10          La Rochelle                         2                 300
11            Melbourne                         2                1926
12                Milan                         4               17000
13               Munich                         2                3000
14            Nuremberg                         3                2255
15              Ostrava                         2                 780
16              Sandnes                         2                 225
17               Sydney                         3                3850
18            Trondheim                         2                 325
19             Tübingen                         2                 100
20               Vienna                         2                3000
21               Warsaw                         2                5840

----------------------------------------------------------------
Find the percentage of records with missing bicycle counts
----------------------------------------------------------------
  PROPORTION_MISSING_BICYCLES
1                    15.83333

--------------------------------------------------------------
Identify extremely large systems, e.g. BICYCLES > 30,000
--------------------------------------------------------------
            SYSTEM TOTAL_BICYCLE_COUNT
1             <NA>              461601
2        PBSC & 8D               44893
3  Forever Bicycle               42715
4 3 Gen. Cyclocity               38671

------------------------------------------------------------------------
Count how many bike-sharing cities successfully match a world city
------------------------------------------------------------------------
  MATCHING_CITIES_COUNT
1                   271

--------------------------------------------------------------
Identify bike-sharing cities that don't match
--------------------------------------------------------------
  NOT_MATCHING_CITIES_COUNT
1                       163

--------------------------------------------------------------
Identify world-city matches that produce multiple rows
--------------------------------------------------------------
                   CITY MULTIPLE_MATCHES
1                Berlin               36
2                 Milan               12
3              Hamilton               11
4              Victoria                9
5                Vienna                8
6              Florence                8
7              Santiago                7
8                 Paris                6
9                Warsaw                4
10             Valencia                4
11            Melbourne                4
12              Hamburg                4
13           Düsseldorf                4
14               Dublin                4
15              Bangkok                4
16               Sydney                3
17                 Rome                3
18            Nuremberg                3
19               Lisbon                3
20              Córdoba                3
21           Bratislava                3
22            Vancouver                2
23             Tübingen                2
24            Trondheim                2
25               Suzhou                2
26            Stuttgart                2
27             St. Paul                2
28              Sandnes                2
29            San Diego                2
30             Salvador                2
31              Rosario                2
32               Prague                2
33              Potsdam                2
34             Pamplona                2
35              Ostrava                2
36               Munich                2
37               Moscow                2
38             Limerick                2
39             Lausanne                2
40                Lanxi                2
41          La Rochelle                2
42                Herne                2
43             Helsinki                2
44          Guadalajara                2
45          George Town                2
46               Fuzhou                2
47 Freiburg im Breisgau                2
48                Essen                2
49           Copenhagen                2
50         Buenos Aires                2
51               Bremen                2
52                 Bern                2
53            Barcelona                2
54               Austin                2
55              Atlanta                2
56        Aschaffenburg                2
57            Amsterdam                2

--------------------------------------------------------------
Find the largest cities with bike-sharing systems
--------------------------------------------------------------
  BIKE_SHARING_CITIES POPULATION
1            Shanghai   22120000
2           São Paulo   22046000
3               Seoul   21794000
4         Mexico City   20996000
5           Guangzhou   20902000

--------------------------------------------------------------
Compare population and bicycle fleet size
--------------------------------------------------------------
  BIKE_SHARING_CITIES POPULATION BICYCLES
1            Shanghai   22120000    19165
2           São Paulo   22046000      600
3               Seoul   21794000    20000
4         Mexico City   20996000     6500
5           Guangzhou   20902000     4840

--------------------------------------------------------------
Calculate bicycles per 1,000 population
--------------------------------------------------------------
                   CITY BICYCLES POPULATION BICYCLES_PER_1000
1                 Paris    14500       5131           2825.96
2                 Paris    14500       8394           1727.42
3                 Paris    14500      10536           1376.23
4                 Paris    14500      12485           1161.39
5                 Milan     8000       7201           1110.96
6                 Milan     8000       7778           1028.54
7                 Milan     4650       7201            645.74
8                 Milan     4650       7778            597.84
9                 Paris    14500      26010            557.48
10                Milan     4000       7201            555.48
11                Milan     4000       7778            514.27
12               Berlin     3500       7536            464.44
13               Berlin     3500      11237            311.47
14               Vienna     1500       5390            278.29
15               Vienna     1500       5390            278.29
16              Seville     2100       7812            268.82
17               Berlin     3500      20519            170.57
18               Warsaw     5700      33708            169.10
19               Moscow     4300      26145            164.47
20               Vienna     1500      10124            148.16
21               Vienna     1500      10124            148.16
22             Valencia     2400      16983            141.32
23             Hamilton      750       6511            115.19
24             Hamilton      750       6606            113.53
25               Lisbon      600       5372            111.69
26             Hamilton      750       6964            107.70
27             Hamilton      750       8020             93.52
28               Berlin      700       7536             92.89
29               Vienna     1500      16485             90.99
30               Vienna     1500      16485             90.99
31              Atlanta      500       5526             90.48
32         Buenos Aires     4000      45000             88.89
33               Berlin      600       7536             79.62
34             Hamilton      750       9974             75.20
35               Bremen      500       6945             71.99
36               Lisbon      600       8896             67.45
37               Berlin      500       7536             66.35
38               Berlin      700      11237             62.29
39               Berlin      600      11237             53.40
40              Rosario      480       9311             51.55
41                Milan      350       7201             48.60
42            Stuttgart      400       8404             47.60
43               Dublin      950      20583             46.15
44                Milan      350       7778             45.00
45               Berlin      500      11237             44.50
46              Hamburg     2450      58105             42.17
47               Berlin      300       7536             39.81
48               Berlin      700      20519             34.11
49               Berlin      600      20519             29.24
50               Berlin      300      11237             26.70
51               Berlin      500      20519             24.37
52             Brussels     4115     185103             22.23
53                Lanxi     1500      72528             20.68
54               Dublin      950      49037             19.37
55            Melbourne     1250      83029             15.05
56               Dublin      950      64826             14.65
57               Berlin      300      20519             14.62
58             Hamilton      750      52320             14.33
59             Hamilton      750      54230             13.83
60            Barcelona     6000     448016             13.39
61               Berlin      100       7536             13.27
62             Huangyan     2500     198713             12.58
63             Valencia     2400     192993             12.44
64             Hangzhou    78000    6446000             12.10
65             Hamilton      750      62082             12.08
66              Taiyuan    41000    3398000             12.07
67             Limerick      215      18874             11.39
68             Qingzhou    10300     914047             11.27
69         Didymóteicho      100       9263             10.80
70            San Diego     1800     187215              9.61
71              Potsdam      150      15694              9.56
72          George Town      250      27704              9.02
73               Berlin      100      11237              8.90
74             Hamilton      750      87799              8.54
75              Dunkirk      200      23874              8.38
76            Melbourne      676      83029              8.14
77            Vancouver     1500     184463              8.13
78               Austin      200      25626              7.80
79                 Bern       54       6952              7.77
80                 Lyon     4000     516092              7.75
81           Marathónas       50       7170              6.97
82              Antwerp     3600     529247              6.80
83                 Rome      200      31863              6.28
84                Herne       45       7325              6.14
85             Bordeaux     1545     257804              5.99
86                Milan     8000    1351562              5.92
87                Mainz     1000     184997              5.41
88             Helsinki     3450     642045              5.37
89              Zhuzhou    20000    3855609              5.19
90               Berlin      100      20519              4.87
91               Taipei    13072    2684567              4.87
92                Lille     1100     232787              4.73
93             Hamilton      750     169300              4.43
94               Suzhou    22940    5250000              4.37
95              Hamburg      250      58105              4.30
96               Warsaw      140      33708              4.15
97            Prostějov      180      43651              4.12
98             Poitiers      360      88291              4.08
99               Suzhou    22940    5690000              4.03
100          Strasbourg     1852     465069              3.98
101         Montpellier     2414     607896              3.97
102         La Rochelle      300      75735              3.96
103             Sandnes      225      58694              3.83
104              Aveiro      300      78450              3.82
105            Limerick      215      58319              3.69
106           Zhongshan    11180    3121275              3.58
107               Milan     4650    1351562              3.44
108                Caen      350     105354              3.32
109           Esztergom       93      28144              3.30
110       Torres Vedras      260      79465              3.27
111              Vannes      174      53352              3.26
112                Rome      200      61537              3.25
113              Zhuhai     5000    1562000              3.20
114              Warsaw     5700    1790658              3.18
115                Wuhu    12000    3842100              3.12
116            Valencia     2400     794288              3.02
117               Milan     4000    1351562              2.96
118         Guadalajara      242      82376              2.94
119           Nuremberg     1500     518365              2.89
120                 Pau      220      77130              2.85
121         Veľký Šariš       15       5404              2.78
122               Lanxi     1500     560514              2.68
123            Trebišov       65      24587              2.64
124              Linhai     2700    1028813              2.62
125              Lublin      891     339850              2.62
126             Huizhou    10000    3875000              2.58
127              Galway      205      79504              2.58
128               Dijon      400     156920              2.55
129              Girona      260     101852              2.55
130            Toulouse     2465     968638              2.54
131               Anqiu     2280     947723              2.41
132              Batumi      370     154600              2.39
133            Dreieich      100      42091              2.38
134           Amsterdam       50      21241              2.35
135            Changhua     1695     750000              2.26
136            Changwon     2348    1046054              2.24
137                Pisa      200      89745              2.23
138 Grodzisk Mazowiecki       60      26881              2.23
139    Chalon-sur-Saône      100      45096              2.22
140  Moldava nad Bodvou       25      11260              2.22
141           Darmstadt      350     159207              2.20
142              Calais      160      73911              2.16
143                Łódź     1490     690422              2.16
144             Avignon      200      93671              2.14
145               Sopot       80      37457              2.14
146             Weifang    20000    9373000              2.13
147             Ostrava      600     287968              2.08
148               Vevey       41      19891              2.06
149              Munich     3000    1471508              2.04
150             Brescia      395     197008              2.00
151                Sion       69      34708              1.99
152              Ningbo    15000    7639000              1.96
153              Kraków     1500     766739              1.96
154              Hohhot     5100    2635000              1.94
155          Düsseldorf     1200     619294              1.94
156         Jersey City      500     262075              1.91
157              Aarhus      450     237551              1.89
158            Pamplona      101      53587              1.88
159              Amiens      250     136105              1.84
160            Shaoxing     9000    4912239              1.83
161            Grenoble     1250     687985              1.82
162              Poznań      973     538633              1.81
163            Lausanne      251     138905              1.81
164               Namur      200     110939              1.80
165            Szczecin      724     403833              1.79
166             Belfort      200     114445              1.75
167                Nice     1750    1006402              1.74
168             Jiaxing     7800    4501657              1.73
169            Besançon      200     115934              1.73
170           Kaohsiung     4800    2773533              1.73
171          Copenhagen     1860    1085000              1.71
172          Gothenburg     1000     600473              1.67
173              Foshan    11694    7194311              1.63
174              Poprad       85      52037              1.63
175            Valencia     2400    1484430              1.62
176              Berlin       12       7536              1.59
177             Velenje       40      25333              1.58
178           Białystok      460     297288              1.55
179               Malmö      500     321845              1.55
180            Zaragoza     1000     649404              1.54
181                Bonn      500     327258              1.53
182                Cork      320     208669              1.53
183              Haikou     3000    2046189              1.47
184           Nuremberg      750     518365              1.45
185              Žilina      120      82704              1.45
186       Frýdek-Místek       80      55557              1.44
187           Offenburg       86      59646              1.44
188              Nantes      885     633690              1.40
189             Huaibei     3000    2158000              1.39
190              Lugano       88      63185              1.39
191                Győr      180     132034              1.36
192             Hamburg     2450    1841179              1.33
193               Paris    14500   11020000              1.32
194           Barcelona     6000    4588000              1.31
195               Opole      164     127792              1.28
196               Heihe     2230    1750000              1.27
197             Toronto     6850    5429524              1.26
198           Perpignan      150     120158              1.25
199             Wrocław      760     638586              1.19
200              Lisbon      600     506654              1.18
201              Kladno       80      69337              1.15
202            Yangzhou     5000    4459000              1.12
203              Rennes      800     727357              1.10
204           Trondheim      200     183378              1.09
205            Hamilton      750     693645              1.08
206              Berlin       12      11237              1.07
207    České Budějovice      100      94463              1.06
208             Orléans      300     282828              1.06
209           Santander      180     172539              1.04
210           Stockholm     1000     972647              1.03
211          Düsseldorf      600     619294              0.97
212              Berlin     3500    3644826              0.96
213             Nicosia      315     330000              0.95
214             Liberec      100     104802              0.95
215              Almaty     1700    1806833              0.94
216            Hannover      500     538068              0.93
217          Bratislava      400     429564              0.93
218              Yantai     6000    6516900              0.92
219             Leipzig      500     542529              0.92
220               Seoul    20000   21794000              0.92
221             Dresden      500     555805              0.90
222               Nitra       70      77374              0.90
223               Vaasa       60      67619              0.89
224            Shanghai    19165   22120000              0.87
225            Budapest     1526    1752286              0.87
226            Mulhouse      240     285121              0.84
227             Potsdam      150     178089              0.84
228              Košice      200     238593              0.84
229             Créteil       75      90605              0.83
230             Beijing    16000   19433000              0.82
231              Vienna     1500    1840573              0.81
232              Vienna     1500    1840573              0.81
233                Yiwu     1000    1234015              0.81
234              Dublin      950    1173179              0.81
235               Palma      336     416065              0.81
236            Brisbane     2000    2514184              0.80
237             Teplice       40      49731              0.80
238           Marseille      672     870018              0.77
239           Ljubljana      215     284355              0.76
240       Vila do Conde       60      79533              0.75
241          Copenhagen      800    1085000              0.74
242            Limassol      170     235056              0.72
243             Olomouc       70     100663              0.70
244    Clermont-Ferrand      100     143886              0.69
245              Bremen      500     724909              0.69
246            Dortmund      400     587010              0.68
247           Trondheim      125     183378              0.68
248           Vancouver     1500    2264823              0.66
249          Düsseldorf      400     619294              0.65
250          Düsseldorf      400     619294              0.65
251           Zhenjiang     2000    3113384              0.64
252             Ostrava      180     287968              0.63
253           Stuttgart      400     634830              0.63
254              Szeged      100     160766              0.62
255               Toruń      120     202521              0.59
256               Nancy      250     434565              0.58
257              Berlin       12      20519              0.58
258            Jiangyin      700    1241045              0.56
259              Jinhua     3000    5361572              0.56
260           San Diego     1800    3220118              0.56
261             Lanzhou     2000    3616163              0.55
262            Tübingen       50      90546              0.55
263            Tübingen       50      90546              0.55
264              Burgas      120     226868              0.53
265             Nantong     3800    7282835              0.52
266            Kaposvár       32      61441              0.52
267             Vilnius      300     574147              0.52
268            Pamplona      101     201653              0.50
269              Tirana      200     418495              0.48
270              Madrid     1580    3266126              0.48
271           Magdeburg      100     238697              0.42
272              Tehran     5700   13633000              0.42
273             Rosario      480    1193605              0.40
274                Bern       54     133798              0.40
275              Sydney     2000    5312163              0.38
276              Lishui      800    2116957              0.38
277              Prague      500    1324277              0.38
278              Prague      500    1324277              0.38
279               Rouen      190     494382              0.38
280             Mendoza       40     114822              0.35
281              Fuzhou     1400    4047200              0.35
282         George Town      250     708127              0.35
283           Fortaleza      800    2452185              0.33
284                Wuxi     1500    4580000              0.33
285           Flensburg       30      90164              0.33
286         Mexico City     6500   20996000              0.31
287               Herne       45     156374              0.29
288          Almetyevsk       45     154262              0.29
289                Hamm       50     179111              0.28
290              Fuzhou     1400    5245000              0.27
291               Lhasa      242     902500              0.27
292        Battle Creek       21      76514              0.27
293               Milan      350    1351562              0.26
294        Buenos Aires     4000   16157000              0.25
295           Melbourne     1250    5078193              0.25
296              Moscow     4300   17125000              0.25
297              Sydney     1250    5312163              0.24
298               Gijón       64     271780              0.24
299           Guangzhou     4840   20902000              0.23
300                Heze     2000    8750000              0.23
301          Bratislava      100     429564              0.23
302               Quito      425    2011388              0.21
303           Bucharest      400    1883425              0.21
304            Shymkent      200    1018974              0.20
305            Sorocaba      120     644919              0.19
306              Berlin      700    3644826              0.19
307          Oberhausen       40     210829              0.19
308                Lviv      140     724314              0.19
309            Novi Sad       70     380000              0.18
310              Berlin      600    3644826              0.16
311          Bratislava       70     429564              0.16
312             Córdoba       35     218153              0.16
313             Luoyang     1000    6549941              0.15
314              Erfurt       30     203254              0.15
315             Bandung      350    2394873              0.15
316             Nanning     1000    7153300              0.14
317              Berlin      500    3644826              0.14
318             Hamburg      250    1841179              0.14
319            Katowice       40     276499              0.14
320           Melbourne      676    5078193              0.13
321              Zagreb      100     790017              0.13
322                Brno       50     381346              0.13
323              Austin      200    1687311              0.12
324              Sydney      600    5312163              0.11
325             Córdoba       35     325701              0.11
326               Kazan      120    1243500              0.10
327             Atlanta      500    5449398              0.09
328      Belo Horizonte      400    5159000              0.08
329              Berlin      300    3644826              0.08
330              Bochum       30     364628              0.08
331            Yokohama      300    3748781              0.08
332              Warsaw      140    1790658              0.08
333         Los Angeles     1000   12750807              0.08
334           Abu Dhabi       75    1000000              0.07
335                Rome      200    2872800              0.07
336         Guadalajara      242    5253000              0.05
337           Amsterdam       50    1031000              0.05
338           São Paulo      600   22046000              0.03
339            Jiujiang      120    4728778              0.03
340              Berlin      100    3644826              0.03
341             Córdoba       35    1329604              0.03
342             Bangkok      500   17066000              0.03
343                Kyiv      100    2967000              0.03
344               Dhaka      300   15443000              0.02
345         João Pessoa       20     801718              0.02
346      Rio de Janeiro      300   12272000              0.02
347           Nuremberg        5     518365              0.01
348             Bangkok      125   17066000              0.01
349              Berlin       12    3644826              0.00

--------------------------------------------------------------------
Find cities with large populations but relatively small fleets
--------------------------------------------------------------------
              CITY       COUNTRY BICYCLES POPULATION BICYCLES_PER_1000
1         Shanghai         China    19165   22120000              0.87
2        São Paulo        Brazil      600   22046000              0.03
3      Mexico City        Mexico     6500   20996000              0.31
4        Guangzhou         China     4840   20902000              0.23
5          Beijing         China    16000   19433000              0.82
6           Moscow        Russia     4300   17125000              0.25
7          Bangkok      Thailand      125   17066000              0.01
8          Bangkok      Thailand      500   17066000              0.03
9     Buenos Aires     Argentina     4000   16157000              0.25
10           Dhaka    Bangladesh      300   15443000              0.02
11          Tehran          Iran     5700   13633000              0.42
12     Los Angeles United States     1000   12750807              0.08
13  Rio de Janeiro        Brazil      300   12272000              0.02
14           Paris        France    14500   11020000              1.32
15            Heze         China     2000    8750000              0.23
16          Ningbo         China    15000    7639000              1.96
17         Nantong         China     3800    7282835              0.52
18          Foshan         China    11694    7194311              1.63
19         Nanning         China     1000    7153300              0.14
20         Luoyang         China     1000    6549941              0.15
21          Yantai         China     6000    6516900              0.92
22         Atlanta United States      500    5449398              0.09
23         Toronto        Canada     6850    5429524              1.26
24          Jinhua         China     3000    5361572              0.56
25          Sydney     Australia      600    5312163              0.11
26          Sydney     Australia     1250    5312163              0.24
27          Sydney     Australia     2000    5312163              0.38
28     Guadalajara        Mexico      242    5253000              0.05
29          Fuzhou         China     1400    5245000              0.27
30  Belo Horizonte        Brazil      400    5159000              0.08
31       Melbourne     Australia      676    5078193              0.13
32       Melbourne     Australia     1250    5078193              0.25
33        Shaoxing         China     9000    4912239              1.83
34        Jiujiang         China      120    4728778              0.03
35       Barcelona         Spain     6000    4588000              1.31
36            Wuxi         China     1500    4580000              0.33
37         Jiaxing         China     7800    4501657              1.73
38        Yangzhou         China     5000    4459000              1.12
39          Fuzhou         China     1400    4047200              0.35
40        Yokohama         Japan      300    3748781              0.08
41          Berlin       Germany       12    3644826              0.00
42          Berlin       Germany      100    3644826              0.03
43          Berlin       Germany      300    3644826              0.08
44          Berlin       Germany      500    3644826              0.14
45          Berlin       Germany      600    3644826              0.16
46          Berlin       Germany      700    3644826              0.19
47          Berlin       Germany     3500    3644826              0.96
48         Lanzhou         China     2000    3616163              0.55
49          Madrid         Spain     1580    3266126              0.48
50       San Diego United States     1800    3220118              0.56
51       Zhenjiang         China     2000    3113384              0.64
52            Kyiv       Ukraine      100    2967000              0.03
53            Rome         Italy      200    2872800              0.07
54       Kaohsiung        Taiwan     4800    2773533              1.73
55          Hohhot         China     5100    2635000              1.94
56        Brisbane     Australia     2000    2514184              0.80
57       Fortaleza        Brazil      800    2452185              0.33
58         Bandung     Indonesia      350    2394873              0.15
59       Vancouver        Canada     1500    2264823              0.66
60         Huaibei         China     3000    2158000              1.39
61          Lishui         China      800    2116957              0.38
62          Haikou         China     3000    2046189              1.47
63           Quito       Ecuador      425    2011388              0.21
64       Bucharest       Romania      400    1883425              0.21
65         Hamburg       Germany      250    1841179              0.14
66         Hamburg       Germany     2450    1841179              1.33
67          Vienna       Austria     1500    1840573              0.81
68          Vienna       Austria     1500    1840573              0.81
69          Almaty    Kazakhstan     1700    1806833              0.94
70          Warsaw        Poland      140    1790658              0.08
71        Budapest       Hungary     1526    1752286              0.87
72           Heihe         China     2230    1750000              1.27
73          Austin United States      200    1687311              0.12
74           Milan         Italy      350    1351562              0.26
75          Prague       Czechia      500    1324277              0.38
76          Prague       Czechia      500    1324277              0.38
77           Kazan        Russia      120    1243500              0.10
78        Jiangyin         China      700    1241045              0.56
79            Yiwu         China     1000    1234015              0.81
80         Rosario     Argentina      480    1193605              0.40
81          Dublin       Ireland      950    1173179              0.81
82      Copenhagen       Denmark      800    1085000              0.74
83      Copenhagen       Denmark     1860    1085000              1.71
84       Amsterdam   Netherlands       50    1031000              0.05
85        Shymkent    Kazakhstan      200    1018974              0.20
86            Nice        France     1750    1006402              1.74
87       Stockholm        Sweden     1000     972647              1.03
88           Lhasa         China      242     902500              0.27
89       Marseille        France      672     870018              0.77
90     João Pessoa        Brazil       20     801718              0.02
91          Zagreb       Croatia      100     790017              0.13
92          Kraków        Poland     1500     766739              1.96
93          Rennes        France      800     727357              1.10
94          Bremen       Germany      500     724909              0.69
95            Lviv       Ukraine      140     724314              0.19
96     George Town      Malaysia      250     708127              0.35
97        Hamilton        Canada      750     693645              1.08
98        Grenoble        France     1250     687985              1.82
99        Zaragoza         Spain     1000     649404              1.54
100       Sorocaba        Brazil      120     644919              0.19
101        Wrocław        Poland      760     638586              1.19
102      Stuttgart       Germany      400     634830              0.63
103         Nantes        France      885     633690              1.40
104     Düsseldorf       Germany      400     619294              0.65
105     Düsseldorf       Germany      400     619294              0.65
106     Düsseldorf       Germany      600     619294              0.97
107     Düsseldorf       Germany     1200     619294              1.94
108     Gothenburg        Sweden     1000     600473              1.67
109       Dortmund       Germany      400     587010              0.68
110        Vilnius     Lithuania      300     574147              0.52
111        Dresden       Germany      500     555805              0.90
112        Leipzig       Germany      500     542529              0.92
113         Poznań        Poland      973     538633              1.81
114       Hannover       Germany      500     538068              0.93
115      Nuremberg       Germany        5     518365              0.01
116      Nuremberg       Germany      750     518365              1.45
117         Lisbon      Portugal      600     506654              1.18

--------------------------------------------------------------------
Find cities with small populations but relatively large fleets
--------------------------------------------------------------------
          CITY       COUNTRY BICYCLES POPULATION BICYCLES_PER_1000
1      Atlanta United States      500       5526             90.48
2        Lanxi         China     1500      72528             20.68
3 Didymóteicho        Greece      100       9263             10.80

--------------------------------------------------
Count successful city matches
--------------------------------------------------
  MATCHING_RECORDS
1                3

----------------------------------------------------
Find the largest cities with weather forecasts
----------------------------------------------------
    CITY AVERAGE_POPULATION
1  Seoul           21794000
2 Suzhou            5470000
3  Paris            1847093

--------------------------------------------------------------------
Compare population with temperature, humidity and wind speed
--------------------------------------------------------------------
    CITY POPULATION  TEMP HUMIDITY WIND_SPEED
1  Seoul   21794000 15.88       57       1.21
2  Paris   11020000 10.02       65       2.81
3 Suzhou    5690000 19.62       81       1.10

--------------------------------------------------------
Find the largest city under each weather condition
--------------------------------------------------------
   CITY POPULATION   WEATHER_CONDITION
1 Seoul   21794000   0.43 (WIND_SPEED)
2 Seoul   21794000 15.88 (TEMPERATURE)
3 Seoul   21794000     24.0 (HUMIDITY)

--------------------------------------------------------------------
Find bike-sharing cities with available weather forecasts
--------------------------------------------------------------------
  BIKE_SHARING_CITIES_COUNT
1                         3

--------------------------------------------------------------------
Compare fleet size with temperature, humidity, wind_speed
--------------------------------------------------------------------
    CITY FLEET_SIZE AVERAGE_TEMPERATURE AVERAGE_HUMIDITY AVERAGE_WIND_SPEED
1 Suzhou      22940            23.68350           71.100            2.30875
2  Seoul      20000            22.70875           44.525            1.91125
3  Paris      14500            19.54675           51.950            2.60825

----------------------------------------------------------------------
Find cities with large fleets and unfavorable weather conditions
----------------------------------------------------------------------
     CITY FLEET_SIZE  TEMP HUMIDITY WIND_SPEED
1  Suzhou      22940 19.62       81       1.10
2  Suzhou      22940 20.06       95       1.71
3  Suzhou      22940 20.32       92       1.64
4  Suzhou      22940 20.77       84       1.53
5  Suzhou      22940 21.71       89       2.19
6  Suzhou      22940 21.85       83       1.95
7  Suzhou      22940 22.12       81       2.19
8  Suzhou      22940 22.14       84       1.99
9  Suzhou      22940 22.64       86       2.13
10 Suzhou      22940 22.77       82       1.93
11 Suzhou      22940 23.00       87       3.22
12 Suzhou      22940 24.10       82       2.65
13 Suzhou      22940 26.12       75       4.61
14 Suzhou      22940 28.45       65       4.59
15 Suzhou      22940 29.10       40       4.08
16  Paris      14500 14.19       52       4.42
17  Paris      14500 16.75       51       5.30
18  Paris      14500 18.34       59       4.54
19  Paris      14500 21.91       44       5.77
20  Paris      14500 33.83       24       4.10

----------------------------------------------------------------------
Find cities with large fleets and favorable weather conditions
----------------------------------------------------------------------
     CITY FLEET_SIZE  TEMP HUMIDITY WIND_SPEED
1  Suzhou      22940 24.58       61       2.59
2  Suzhou      22940 22.99       69       2.34
3  Suzhou      22940 23.39       68       1.25
4  Suzhou      22940 21.75       62       2.50
5  Suzhou      22940 20.50       68       1.78
6  Suzhou      22940 21.05       67       1.88
7  Suzhou      22940 20.88       67       1.78
8  Suzhou      22940 21.80       68       1.07
9   Seoul      20000 16.05       66       0.79
10  Seoul      20000 20.32       48       0.62
11  Seoul      20000 24.99       36       1.90
12  Seoul      20000 20.65       40       1.29
13  Seoul      20000 18.58       46       1.05
14  Seoul      20000 16.91       51       1.06
15  Seoul      20000 15.88       57       1.21
16  Seoul      20000 20.77       48       1.32
17  Seoul      20000 23.90       44       0.57
18  Seoul      20000 22.55       46       1.15
19  Seoul      20000 20.83       51       1.14
20  Seoul      20000 19.47       61       0.98
21  Seoul      20000 21.95       58       1.85
22  Seoul      20000 24.14       42       0.43
23  Seoul      20000 22.39       45       1.55
24  Seoul      20000 20.33       52       1.59
25  Seoul      20000 18.90       57       1.57
26  Seoul      20000 21.53       50       2.41
27  Seoul      20000 22.56       44       3.51
28  Seoul      20000 20.71       54       2.03
29  Seoul      20000 19.03       64       1.74
30  Seoul      20000 20.95       55       2.79
31  Seoul      20000 23.45       44       2.39
32  Seoul      20000 21.47       52       1.74
33  Paris      14500 21.93       55       1.14
34  Paris      14500 19.37       62       1.31
35  Paris      14500 19.09       66       1.28
36  Paris      14500 13.15       58       3.54
37  Paris      14500 10.02       65       2.81
38  Paris      14500 18.41       56       3.12
39  Paris      14500 21.79       39       3.38
40  Paris      14500 20.68       41       3.15
41  Paris      14500 20.24       43       2.59
42  Paris      14500 18.01       54       3.69
43  Paris      14500 16.53       57       2.21
44  Paris      14500 15.67       59       1.80
45  Paris      14500 14.88       64       3.18
46  Paris      14500 16.78       56       3.36
47  Paris      14500 20.54       41       3.89
48  Paris      14500 21.45       38       3.40
49  Paris      14500 18.30       61       2.96
50  Paris      14500 17.04       70       3.22
51  Paris      14500 17.78       54       2.52
52  Paris      14500 19.29       44       2.28
53  Paris      14500 20.76       39       1.55
54  Paris      14500 20.28       41       1.73
55  Paris      14500 17.92       51       2.20
56  Paris      14500 16.28       60       1.55
57  Paris      14500 15.71       64       0.61
58  Paris      14500 15.09       66       0.63
59  Paris      14500 18.11       54       1.51
60  Paris      14500 22.25       39       1.90
61  Paris      14500 24.27       31       1.72

--------------------------------------------------------
Compare bike infrastructure with forecast weather
--------------------------------------------------------
    CITY FLEET_SIZE POPULATION AVERAGE_TEMPERATURE AVERAGE_HUMIDITY
1 Suzhou      22940    5250000            23.68350           71.100
2 Suzhou      22940    5690000            23.68350           71.100
3  Seoul      20000   21794000            22.70875           44.525
4  Paris      14500       5131            19.54675           51.950
5  Paris      14500       8394            19.54675           51.950
6  Paris      14500      10536            19.54675           51.950
7  Paris      14500      12485            19.54675           51.950
8  Paris      14500      26010            19.54675           51.950
9  Paris      14500   11020000            19.54675           51.950
  AVERAGE_WIND_SPEED
1            2.30875
2            2.30875
3            1.91125
4            2.60825
5            2.60825
6            2.60825
7            2.60825
8            2.60825
9            2.60825

------------------------------------------------------------------------------------------------------------------------------------------------
Use an implicit join across the WORLD_CITIES and the BIKE_SHARING_SYSTEMS tables to determine the total number of bikes avaialble in Seoul
------------------------------------------------------------------------------------------------------------------------------------------------
plus the following city information about Seoul: CITY, COUNTRY, LAT, LON, POPULATION, in a single view
------------------------------------------------------------------------------------------------------------------------------------------------
   CITY      COUNTRY     LAT LNG POPULATION TOTAL_BICYCLES
1 Seoul Korea, South 37.5833 127   21794000          20000

------------------------------------------------------------------------------------------------------------------------------------------------------------------------------------------
Find all cities with total bike counts between 15000 and 20000. Return the city and country names, plus the coordinates (LAT, LNG), population, and number of bicycles for each city
------------------------------------------------------------------------------------------------------------------------------------------------------------------------------------------
      CITY       COUNTRY     LAT      LNG POPULATION TOTAL_BICYCLES
1  Beijing         China 39.9050 116.3914   19433000          16000
2    Milan         Italy 45.4669   9.1900    1351562          17000
3    Milan United States 35.9126 -88.7554       7201          17000
4    Milan United States 42.0816 -83.6853       7778          17000
5   Ningbo         China 29.8750 121.5492    7639000          15000
6    Seoul  Korea, South 37.5833 127.0000   21794000          20000
7 Shanghai         China 31.1667 121.4667   22120000          19165
8  Weifang         China 36.7167 119.1000    9373000          20000
9  Zhuzhou         China 27.8407 113.1469    3855609          20000

============================================================ 
END OF OUTPUT DUMP
============================================================ 
